# This file uses centimeters as units for non-parametric coordinates.

mtllib ampolla.mtl
g default
v 1.774914 0.260564 10.573115
v 1.775192 0.319022 10.572443
v 1.776661 0.368745 10.568910
v 1.780434 0.420479 10.559781
v 1.786146 0.472896 10.545976
v 1.793470 0.525814 10.528304
v 1.802119 0.579027 10.507453
v 1.811786 0.632310 10.484097
v 1.822221 0.685406 10.458908
v 1.833117 0.738040 10.432586
v 1.844233 0.789920 10.405755
v 1.855282 0.840739 10.379116
v 1.865957 0.890166 10.353303
v 1.876017 0.937858 10.329006
v 1.885175 0.983441 10.306917
v 1.893153 1.026500 10.287670
v 1.899661 1.066552 10.271984
v 1.904423 1.103006 10.260445
v 1.907245 1.135105 10.253639
v 1.908080 1.163990 10.251652
v 1.953025 0.050180 10.410775
v 1.953035 0.319021 10.607817
v 1.953025 0.368745 10.603977
v 1.953025 0.420479 10.594099
v 1.953025 0.472896 10.579172
v 1.953016 0.525814 10.560050
v 1.953025 0.579027 10.537471
v 1.953025 0.632310 10.512186
v 1.953016 0.685406 10.484942
v 1.953035 0.738041 10.456441
v 1.953035 0.789921 10.427402
v 1.953025 0.840738 10.398565
v 1.953035 0.890166 10.370630
v 1.953035 0.937858 10.344327
v 1.953025 0.983441 10.320405
v 1.953025 1.026500 10.299583
v 1.953016 1.066552 10.282601
v 1.953025 1.103005 10.270122
v 1.953025 1.135105 10.262749
v 1.953025 1.163990 10.260580
v 2.055453 0.050180 10.390405
v 2.130858 0.319021 10.572433
v 2.129390 0.368745 10.568900
v 2.125607 0.420479 10.559771
v 2.119915 0.472897 10.545986
v 2.112571 0.525814 10.528304
v 2.103931 0.579029 10.507463
v 2.094265 0.632310 10.484088
v 2.083839 0.685406 10.458918
v 2.072934 0.738040 10.432595
v 2.061818 0.789920 10.405755
v 2.050759 0.840739 10.379126
v 2.040094 0.890166 10.353303
v 2.030024 0.937858 10.329006
v 2.020866 0.983441 10.306908
v 2.012889 1.026500 10.287670
v 2.006399 1.066552 10.271984
v 2.001638 1.103006 10.260465
v 1.998806 1.135105 10.253649
v 1.997980 1.163990 10.251633
v 2.142291 0.050179 10.332385
v 2.281620 0.319022 10.471714
v 2.278904 0.368745 10.468997
v 2.271925 0.420479 10.462018
v 2.261375 0.472896 10.451449
v 2.247830 0.525814 10.437923
v 2.231875 0.579027 10.421969
v 2.214001 0.632310 10.404094
v 2.194734 0.685406 10.384818
v 2.174575 0.738040 10.364669
v 2.154061 0.789921 10.344135
v 2.133652 0.840739 10.323736
v 2.113896 0.890167 10.303989
v 2.095292 0.937858 10.285395
v 2.078387 0.983442 10.268480
v 2.063661 1.026500 10.253745
v 2.051652 1.066552 10.241745
v 2.042820 1.103006 10.232923
v 2.037636 1.135103 10.227711
v 2.036081 1.163990 10.226175
v 2.200302 0.050180 10.245547
v 2.382349 0.319022 10.320952
v 2.378816 0.368745 10.319493
v 2.369687 0.420479 10.315710
v 2.355893 0.472896 10.309979
v 2.338220 0.525814 10.302665
v 2.317360 0.579029 10.294044
v 2.293994 0.632310 10.284358
v 2.268843 0.685406 10.273923
v 2.242492 0.738040 10.263018
v 2.215681 0.789921 10.251911
v 2.189013 0.840738 10.240872
v 2.163209 0.890166 10.230178
v 2.138912 0.937858 10.220108
v 2.116814 0.983441 10.210959
v 2.097576 1.026500 10.203001
v 2.081881 1.066552 10.196502
v 2.070362 1.103005 10.191731
v 2.063555 1.135105 10.188899
v 2.061549 1.163991 10.188064
v 2.220682 0.050179 10.143119
v 2.417724 0.319021 10.143119
v 2.413893 0.368745 10.143119
v 2.404015 0.420479 10.143119
v 2.389088 0.472896 10.143119
v 2.369956 0.525814 10.143109
v 2.347387 0.579027 10.143129
v 2.322102 0.632310 10.143119
v 2.294849 0.685406 10.143109
v 2.266347 0.738040 10.143109
v 2.237309 0.789921 10.143119
v 2.208462 0.840739 10.143119
v 2.180527 0.890166 10.143119
v 2.154233 0.937858 10.143129
v 2.130311 0.983442 10.143129
v 2.109490 1.026500 10.143119
v 2.092489 1.066552 10.143119
v 2.080019 1.103006 10.143129
v 2.072656 1.135105 10.143109
v 2.070486 1.163991 10.143129
v 2.200312 0.050180 10.040691
v 2.382349 0.319021 9.965286
v 2.378816 0.368745 9.966755
v 2.369687 0.420480 9.970537
v 2.355893 0.472896 9.976239
v 2.338229 0.525814 9.983564
v 2.317360 0.579027 9.992213
v 2.294004 0.632310 10.001880
v 2.268834 0.685405 10.012315
v 2.242502 0.738041 10.023210
v 2.215671 0.789921 10.034326
v 2.189022 0.840738 10.045366
v 2.163219 0.890166 10.056070
v 2.138922 0.937858 10.066120
v 2.116814 0.983441 10.075288
v 2.097567 1.026500 10.083246
v 2.081881 1.066552 10.089764
v 2.070371 1.103005 10.094516
v 2.063565 1.135103 10.097329
v 2.061539 1.163991 10.098183
v 2.142301 0.050179 9.953853
v 2.281620 0.319021 9.814534
v 2.278904 0.368745 9.817250
v 2.271915 0.420480 9.824239
v 2.261365 0.472897 9.834770
v 2.247830 0.525814 9.848295
v 2.231875 0.579029 9.864269
v 2.214001 0.632310 9.882144
v 2.194725 0.685406 9.901401
v 2.174575 0.738040 9.921569
v 2.154041 0.789920 9.942093
v 2.133642 0.840739 9.962502
v 2.113896 0.890166 9.982249
v 2.095292 0.937858 10.000853
v 2.078377 0.983441 10.017767
v 2.063661 1.026500 10.032493
v 2.051652 1.066552 10.044512
v 2.042820 1.103006 10.053314
v 2.037627 1.135103 10.058517
v 2.036081 1.163990 10.060073
v 2.055463 0.050179 9.895823
v 2.130868 0.319021 9.713805
v 2.129380 0.368745 9.717347
v 2.125617 0.420480 9.726467
v 2.119905 0.472896 9.740242
v 2.112581 0.525814 9.757925
v 2.103941 0.579029 9.778794
v 2.094265 0.632310 9.802131
v 2.083839 0.685406 9.827311
v 2.072925 0.738041 9.853642
v 2.061818 0.789920 9.880473
v 2.050778 0.840738 9.907132
v 2.040084 0.890166 9.932935
v 2.030034 0.937858 9.957242
v 2.020876 0.983441 9.979340
v 2.012898 1.026500 9.998577
v 2.006390 1.066552 10.014282
v 2.001638 1.103006 10.025783
v 1.998816 1.135105 10.032589
v 1.997980 1.163991 10.034595
v 1.953025 0.050180 9.875453
v 1.953025 0.319022 9.678411
v 1.953035 0.368745 9.682270
v 1.953035 0.420479 9.692148
v 1.953025 0.472896 9.707056
v 1.953045 0.525814 9.726188
v 1.953035 0.579027 9.748767
v 1.953016 0.632310 9.774042
v 1.953025 0.685406 9.801296
v 1.953025 0.738040 9.829797
v 1.953025 0.789921 9.858836
v 1.953035 0.840738 9.887683
v 1.953016 0.890166 9.915618
v 1.953025 0.937858 9.941921
v 1.953035 0.983441 9.965843
v 1.953025 1.026500 9.986674
v 1.953025 1.066552 10.003646
v 1.953035 1.103005 10.016106
v 1.953025 1.135105 10.023469
v 1.953035 1.163991 10.025658
v 1.850588 0.050180 9.895833
v 1.775192 0.319022 9.713795
v 1.776652 0.368745 9.717347
v 1.780453 0.420479 9.726467
v 1.786146 0.472896 9.740242
v 1.793480 0.525814 9.757915
v 1.802110 0.579027 9.778785
v 1.811786 0.632310 9.802140
v 1.822211 0.685406 9.827320
v 1.833117 0.738040 9.853642
v 1.844223 0.789920 9.880473
v 1.855273 0.840738 9.907132
v 1.865957 0.890166 9.932935
v 1.876036 0.937858 9.957242
v 1.885195 0.983441 9.979330
v 1.893153 1.026500 9.998568
v 1.899661 1.066552 10.014282
v 1.904423 1.103005 10.025773
v 1.907245 1.135105 10.032579
v 1.908070 1.163991 10.034614
v 1.763769 0.050180 9.953853
v 1.624440 0.319021 9.814524
v 1.627147 0.368745 9.817250
v 1.634136 0.420479 9.824229
v 1.644686 0.472897 9.834770
v 1.658202 0.525814 9.848295
v 1.674185 0.579027 9.864269
v 1.692050 0.632310 9.882153
v 1.711317 0.685406 9.901401
v 1.731476 0.738040 9.921569
v 1.752000 0.789921 9.942103
v 1.772409 0.840739 9.962512
v 1.792165 0.890166 9.982249
v 1.810759 0.937858 10.000853
v 1.827674 0.983441 10.017767
v 1.842399 1.026500 10.032483
v 1.854418 1.066552 10.044512
v 1.863221 1.103006 10.053305
v 1.868424 1.135103 10.058517
v 1.869979 1.163991 10.060073
v 1.705739 0.050179 10.040691
v 1.523711 0.319021 9.965286
v 1.527244 0.368745 9.966755
v 1.536373 0.420479 9.970537
v 1.550149 0.472896 9.976239
v 1.567841 0.525814 9.983554
v 1.588682 0.579027 9.992213
v 1.612057 0.632310 10.001880
v 1.637217 0.685406 10.012315
v 1.663559 0.738041 10.023220
v 1.690380 0.789921 10.034326
v 1.717048 0.840739 10.045366
v 1.742842 0.890166 10.056060
v 1.767129 0.937858 10.066120
v 1.789237 0.983441 10.075278
v 1.808474 1.026500 10.083246
v 1.824160 1.066552 10.089755
v 1.835680 1.103005 10.094516
v 1.842495 1.135103 10.097329
v 1.844502 1.163990 10.098164
v 1.685369 0.050180 10.143119
v 1.488327 0.319021 10.143119
v 1.492167 0.368745 10.143129
v 1.502045 0.420480 10.143129
v 1.516953 0.472896 10.143119
v 1.536104 0.525814 10.143109
v 1.558673 0.579027 10.143119
v 1.583958 0.632310 10.143109
v 1.611202 0.685406 10.143109
v 1.639713 0.738040 10.143119
v 1.668733 0.789920 10.143119
v 1.697599 0.840739 10.143129
v 1.725534 0.890166 10.143129
v 1.751817 0.937858 10.143119
v 1.775749 0.983441 10.143119
v 1.796571 1.026500 10.143129
v 1.813562 1.066552 10.143119
v 1.826022 1.103006 10.143119
v 1.833385 1.135105 10.143119
v 1.835564 1.163990 10.143119
v 1.705739 0.050180 10.245537
v 1.523692 0.319021 10.320942
v 1.527244 0.368745 10.319483
v 1.536373 0.420479 10.315710
v 1.550168 0.472896 10.309979
v 1.567831 0.525814 10.302665
v 1.588701 0.579029 10.294035
v 1.612057 0.632310 10.284348
v 1.637227 0.685405 10.273923
v 1.663559 0.738040 10.263018
v 1.690380 0.789921 10.251902
v 1.717038 0.840739 10.240881
v 1.742832 0.890166 10.230178
v 1.767138 0.937858 10.220117
v 1.789246 0.983441 10.210959
v 1.808474 1.026500 10.202992
v 1.824179 1.066552 10.196502
v 1.835689 1.103006 10.191722
v 1.842495 1.135103 10.188899
v 1.844511 1.163991 10.188074
v 1.623931 0.260564 10.472232
v 1.624440 0.319021 10.471704
v 1.627157 0.368745 10.468997
v 1.634136 0.420479 10.462009
v 1.644676 0.472896 10.451449
v 1.658212 0.525814 10.437923
v 1.674185 0.579027 10.421978
v 1.692060 0.632310 10.404085
v 1.711336 0.685406 10.384818
v 1.731485 0.738040 10.364678
v 1.752009 0.789920 10.344125
v 1.772399 0.840739 10.323745
v 1.792155 0.890166 10.303989
v 1.810749 0.937858 10.285404
v 1.827664 0.983441 10.268471
v 1.842390 1.026500 10.253755
v 1.854409 1.066552 10.241745
v 1.863221 1.103006 10.232933
v 1.868424 1.135103 10.227711
v 1.869970 1.163991 10.226184
v 1.850588 0.050179 10.390405
v 1.953035 0.260564 10.608547
v 2.131146 0.260564 10.573115
v 2.282110 0.260564 10.472223
v 2.383012 0.260564 10.321221
v 2.418453 0.260564 10.143129
v 2.383012 0.260564 9.965017
v 2.282129 0.260564 9.814025
v 2.131146 0.260564 9.713133
v 1.953025 0.260564 9.677710
v 1.774914 0.260564 9.713133
v 1.623931 0.260564 9.814025
v 1.523030 0.260564 9.965017
v 1.487607 0.260564 10.143119
v 1.523049 0.260564 10.321240
v 1.763759 0.050180 10.332385
v 1.776680 0.200538 10.568862
v 1.782824 0.147880 10.554031
v 1.793758 0.104838 10.527641
v 1.809329 0.073758 10.490059
v 1.828634 0.055787 10.443424
v 1.953025 0.055786 10.468162
v 1.953025 0.073758 10.518637
v 1.953025 0.104838 10.559320
v 1.953025 0.147879 10.587888
v 1.953025 0.200538 10.603939
v 2.077427 0.055786 10.443414
v 2.096741 0.073758 10.490049
v 2.112293 0.104838 10.527632
v 2.123236 0.147879 10.554031
v 2.129370 0.200538 10.568862
v 2.182879 0.055787 10.372963
v 2.218541 0.073758 10.408644
v 2.247321 0.104838 10.437405
v 2.267528 0.147879 10.457622
v 2.278875 0.200538 10.468978
v 2.253321 0.055786 10.267501
v 2.299946 0.073758 10.286835
v 2.337538 0.104838 10.302386
v 2.363937 0.147880 10.313320
v 2.378778 0.200538 10.319473
v 2.278068 0.055787 10.143119
v 2.328524 0.073758 10.143119
v 2.369217 0.104838 10.143119
v 2.397795 0.147879 10.143119
v 2.413865 0.200538 10.143129
v 2.253321 0.055787 10.018737
v 2.299946 0.073758 9.999422
v 2.337548 0.104838 9.983842
v 2.363937 0.147879 9.972918
v 2.378778 0.200538 9.966774
v 2.182859 0.055786 9.913285
v 2.218551 0.073758 9.877603
v 2.247311 0.104838 9.848823
v 2.267519 0.147880 9.828626
v 2.278884 0.200538 9.817279
v 2.077408 0.055787 9.842814
v 2.096732 0.073758 9.796189
v 2.112283 0.104838 9.758606
v 2.123236 0.147879 9.732198
v 2.129380 0.200538 9.717385
v 1.953025 0.055786 9.818085
v 1.953035 0.073758 9.767620
v 1.953016 0.104838 9.726937
v 1.953035 0.147879 9.698349
v 1.953035 0.200539 9.682299
v 1.828634 0.055786 9.842814
v 1.809319 0.073758 9.796208
v 1.793749 0.104838 9.758606
v 1.782824 0.147879 9.732207
v 1.776680 0.200539 9.717385
v 1.723182 0.055787 9.913275
v 1.687500 0.073758 9.877593
v 1.658720 0.104838 9.848823
v 1.638532 0.147879 9.828616
v 1.627166 0.200539 9.817269
v 1.652721 0.055786 10.018737
v 1.606095 0.073758 9.999413
v 1.568513 0.104838 9.983842
v 1.542114 0.147879 9.972908
v 1.527282 0.200539 9.966774
v 1.627982 0.055787 10.143129
v 1.577517 0.073758 10.143129
v 1.536844 0.104838 10.143119
v 1.508256 0.147880 10.143129
v 1.492196 0.200538 10.143119
v 1.652721 0.055787 10.267511
v 1.606105 0.073758 10.286816
v 1.568513 0.104838 10.302396
v 1.542104 0.147879 10.313330
v 1.527273 0.200538 10.319473
v 1.627176 0.200538 10.468968
v 1.638542 0.147879 10.457622
v 1.658730 0.104838 10.437424
v 1.687500 0.073758 10.408664
v 1.723182 0.055786 10.372953
v 1.782363 0.050168 10.213801
v 1.899152 0.050168 10.273146
v 2.023736 0.050168 10.313781
v 1.822970 0.050168 10.089246
v 1.953025 0.050168 10.143119
v 2.083091 0.050167 10.196982
v 1.882315 0.050168 9.972457
v 2.006889 0.050168 10.013073
v 2.123697 0.050168 10.072447
v 1.786712 0.261545 10.544652
v 1.786981 0.317652 10.544009
v 1.788363 0.364694 10.540658
v 1.791925 0.413415 10.532076
v 1.797358 0.463500 10.518925
v 1.804433 0.514629 10.501866
v 1.812842 0.566487 10.481563
v 1.822327 0.618758 10.458658
v 1.832608 0.671124 10.433853
v 1.843398 0.723270 10.407771
v 1.854447 0.774879 10.381093
v 1.865477 0.825633 10.354464
v 1.876200 0.875216 10.328593
v 1.886356 0.923314 10.304085
v 1.895668 0.969605 10.281613
v 1.903847 1.013777 10.261866
v 1.910634 1.055513 10.245489
v 1.915740 1.094493 10.233144
v 1.918899 1.130404 10.225484
v 1.919859 1.162928 10.223180
v 1.919081 1.430886 10.225100
v 1.953025 0.080365 10.409134
v 1.953035 0.317652 10.577050
v 1.953025 0.364694 10.573412
v 1.953016 0.413416 10.564139
v 1.953016 0.463499 10.549893
v 1.953016 0.514629 10.531423
v 1.953025 0.566487 10.509450
v 1.953025 0.618757 10.484654
v 1.953025 0.671124 10.457804
v 1.953025 0.723270 10.429572
v 1.953035 0.774879 10.400705
v 1.953025 0.825633 10.371878
v 1.953035 0.875216 10.343876
v 1.953025 0.923313 10.317342
v 1.953025 0.969605 10.293027
v 1.953025 1.013778 10.271658
v 1.953025 1.055513 10.253937
v 1.953035 1.094493 10.240555
v 1.953025 1.130404 10.232271
v 1.953025 1.162928 10.229794
v 2.054829 0.080365 10.388898
v 2.119089 0.317652 10.544018
v 2.117697 0.364694 10.540658
v 2.114136 0.413416 10.532076
v 2.108702 0.463499 10.518934
v 2.101628 0.514629 10.501866
v 2.093218 0.566487 10.481563
v 2.083743 0.618757 10.458668
v 2.073453 0.671124 10.433843
v 2.062643 0.723270 10.407771
v 2.051594 0.774878 10.381093
v 2.040574 0.825633 10.354474
v 2.029842 0.875216 10.328593
v 2.019704 0.923313 10.304085
v 2.010402 0.969605 10.281622
v 2.002214 1.013778 10.261876
v 1.995427 1.055513 10.245499
v 1.990320 1.094494 10.233144
v 1.987142 1.130404 10.225484
v 1.986192 1.162928 10.223189
v 2.141130 0.080365 10.331223
v 2.259848 0.317652 10.449952
v 2.257285 0.364694 10.447388
v 2.250719 0.413415 10.440813
v 2.240659 0.463499 10.430752
v 2.227603 0.514629 10.417697
v 2.212052 0.566487 10.402155
v 2.194533 0.618758 10.384626
v 2.175545 0.671124 10.365638
v 2.155577 0.723270 10.345680
v 2.135169 0.774878 10.325262
v 2.114798 0.825633 10.304882
v 2.094975 0.875216 10.285078
v 2.076217 0.923313 10.266320
v 2.059024 0.969605 10.249127
v 2.043905 1.013778 10.234008
v 2.031368 1.055513 10.221481
v 2.021931 1.094493 10.212015
v 2.016066 1.130404 10.206160
v 2.014309 1.162928 10.204403
v 2.198795 0.080365 10.244923
v 2.353905 0.317652 10.309173
v 2.350574 0.364694 10.307791
v 2.341983 0.413416 10.304229
v 2.328831 0.463499 10.298777
v 2.311763 0.514628 10.291711
v 2.291450 0.566487 10.283321
v 2.268584 0.618758 10.273818
v 2.243759 0.671124 10.263556
v 2.217687 0.723271 10.252737
v 2.191000 0.774878 10.241697
v 2.164380 0.825633 10.230658
v 2.138490 0.875216 10.219945
v 2.113992 0.923313 10.209788
v 2.091519 0.969605 10.200496
v 2.071792 1.013777 10.192317
v 2.055405 1.055513 10.185530
v 2.043041 1.094493 10.180413
v 2.035381 1.130404 10.177226
v 2.033096 1.162928 10.176286
v 2.219040 0.080365 10.143119
v 2.386957 0.317651 10.143119
v 2.383338 0.364694 10.143119
v 2.374026 0.413415 10.143109
v 2.359790 0.463499 10.143129
v 2.341330 0.514628 10.143109
v 2.319347 0.566487 10.143129
v 2.294570 0.618758 10.143129
v 2.267710 0.671124 10.143138
v 2.239478 0.723270 10.143119
v 2.210612 0.774879 10.143119
v 2.181804 0.825633 10.143109
v 2.153773 0.875216 10.143119
v 2.127239 0.923313 10.143119
v 2.102943 0.969606 10.143119
v 2.081555 1.013777 10.143129
v 2.063834 1.055513 10.143138
v 2.050462 1.094493 10.143119
v 2.042177 1.130404 10.143109
v 2.039691 1.162927 10.143119
v 2.198795 0.080365 10.041315
v 2.353925 0.317652 9.977065
v 2.350565 0.364694 9.978447
v 2.341983 0.413415 9.981999
v 2.328841 0.463500 9.987461
v 2.311763 0.514628 9.994517
v 2.291450 0.566487 10.002936
v 2.268565 0.618758 10.012420
v 2.243750 0.671124 10.022692
v 2.217677 0.723270 10.033491
v 2.190990 0.774878 10.044540
v 2.164390 0.825633 10.055570
v 2.138490 0.875216 10.066303
v 2.113992 0.923313 10.076459
v 2.091519 0.969606 10.085752
v 2.071782 1.013777 10.093940
v 2.055396 1.055513 10.100717
v 2.043051 1.094493 10.105815
v 2.035390 1.130404 10.108992
v 2.033096 1.162928 10.109952
v 2.141130 0.080365 9.955014
v 2.259848 0.317652 9.836296
v 2.257295 0.364694 9.838840
v 2.250710 0.413416 9.845425
v 2.240668 0.463499 9.855486
v 2.227603 0.514629 9.868551
v 2.212052 0.566487 9.884102
v 2.194533 0.618758 9.901612
v 2.175535 0.671124 9.920609
v 2.155587 0.723270 9.940557
v 2.135169 0.774879 9.960976
v 2.114798 0.825633 9.981346
v 2.094975 0.875216 10.001179
v 2.076227 0.923313 10.019917
v 2.059024 0.969606 10.037120
v 2.043915 1.013778 10.052239
v 2.031387 1.055512 10.064767
v 2.021931 1.094493 10.074222
v 2.016076 1.130404 10.080069
v 2.014309 1.162928 10.081845
v 2.054820 0.080365 9.897349
v 2.119080 0.317652 9.742229
v 2.117697 0.364694 9.745580
v 2.114136 0.413415 9.754171
v 2.108702 0.463499 9.767323
v 2.101628 0.514629 9.784372
v 2.093218 0.566487 9.804694
v 2.083724 0.618758 9.827579
v 2.073443 0.671124 9.852394
v 2.062663 0.723270 9.878457
v 2.051604 0.774878 9.905144
v 2.040584 0.825633 9.931755
v 2.029842 0.875217 9.957664
v 2.019685 0.923313 9.982172
v 2.010393 0.969605 10.004625
v 2.002214 1.013777 10.024372
v 1.995427 1.055513 10.040758
v 1.990320 1.094493 10.053094
v 1.987142 1.130404 10.060745
v 1.986192 1.162928 10.063058
v 1.953035 0.080366 9.877104
v 1.953025 0.317652 9.709197
v 1.953016 0.364695 9.712816
v 1.953035 0.413416 9.722118
v 1.953025 0.463499 9.736345
v 1.953035 0.514629 9.754824
v 1.953025 0.566487 9.776807
v 1.953025 0.618758 9.801574
v 1.953025 0.671124 9.828443
v 1.953016 0.723270 9.856666
v 1.953025 0.774878 9.885532
v 1.953025 0.825633 9.914341
v 1.953016 0.875216 9.942372
v 1.953016 0.923314 9.968895
v 1.953025 0.969605 9.993211
v 1.953025 1.013777 10.014599
v 1.953035 1.055512 10.032320
v 1.953025 1.094494 10.045673
v 1.953016 1.130404 10.053958
v 1.953016 1.162928 10.056454
v 1.851231 0.080365 9.897349
v 1.786971 0.317652 9.742229
v 1.788363 0.364695 9.745580
v 1.791925 0.413415 9.754162
v 1.797358 0.463499 9.767313
v 1.804433 0.514628 9.784362
v 1.812842 0.566487 9.804684
v 1.822317 0.618757 9.827579
v 1.832608 0.671124 9.852404
v 1.843417 0.723270 9.878467
v 1.854447 0.774879 9.905135
v 1.865477 0.825633 9.931755
v 1.876209 0.875216 9.957664
v 1.886356 0.923313 9.982162
v 1.895658 0.969606 10.004625
v 1.903847 1.013777 10.024372
v 1.910624 1.055513 10.040749
v 1.915740 1.094493 10.053094
v 1.918908 1.130404 10.060754
v 1.919868 1.162928 10.063058
v 1.764930 0.080365 9.955024
v 1.646193 0.317652 9.836296
v 1.648766 0.364694 9.838849
v 1.655332 0.413415 9.845416
v 1.665402 0.463499 9.855495
v 1.678457 0.514628 9.868551
v 1.693999 0.566487 9.884102
v 1.711528 0.618758 9.901602
v 1.730516 0.671124 9.920609
v 1.750464 0.723270 9.940557
v 1.770882 0.774878 9.960985
v 1.791253 0.825633 9.981346
v 1.811076 0.875216 10.001169
v 1.829843 0.923314 10.019927
v 1.847036 0.969605 10.037130
v 1.862146 1.013777 10.052239
v 1.874673 1.055513 10.064776
v 1.884129 1.094494 10.074213
v 1.889994 1.130404 10.080078
v 1.891741 1.162928 10.081835
v 1.707246 0.080365 10.041325
v 1.552136 0.317652 9.977065
v 1.555476 0.364694 9.978457
v 1.564068 0.413415 9.981999
v 1.577229 0.463500 9.987461
v 1.594288 0.514629 9.994526
v 1.614591 0.566487 10.002945
v 1.637476 0.618757 10.012411
v 1.662301 0.671124 10.022692
v 1.688374 0.723270 10.033491
v 1.715051 0.774879 10.044540
v 1.741661 0.825633 10.055570
v 1.767561 0.875216 10.066303
v 1.792069 0.923313 10.076450
v 1.814522 0.969605 10.085752
v 1.834269 1.013778 10.093940
v 1.850665 1.055513 10.100727
v 1.863010 1.094494 10.105824
v 1.870651 1.130404 10.108992
v 1.872945 1.162928 10.109943
v 1.686991 0.080366 10.143119
v 1.519103 0.317651 10.143109
v 1.522723 0.364694 10.143119
v 1.532025 0.413416 10.143119
v 1.546251 0.463499 10.143119
v 1.564711 0.514629 10.143119
v 1.586714 0.566487 10.143119
v 1.611490 0.618757 10.143119
v 1.638340 0.671124 10.143119
v 1.666573 0.723270 10.143109
v 1.695448 0.774878 10.143119
v 1.724247 0.825633 10.143119
v 1.752269 0.875217 10.143119
v 1.778802 0.923314 10.143109
v 1.803108 0.969605 10.143129
v 1.824496 1.013778 10.143129
v 1.842217 1.055513 10.143129
v 1.855580 1.094493 10.143119
v 1.863883 1.130404 10.143109
v 1.866370 1.162928 10.143119
v 1.707256 0.080365 10.244913
v 1.552136 0.317652 10.309173
v 1.555486 0.364694 10.307781
v 1.564058 0.413415 10.304229
v 1.577210 0.463499 10.298786
v 1.594288 0.514628 10.291721
v 1.614591 0.566487 10.283302
v 1.637486 0.618758 10.273827
v 1.662291 0.671125 10.263556
v 1.688374 0.723270 10.252737
v 1.715051 0.774878 10.241688
v 1.741661 0.825633 10.230658
v 1.767551 0.875216 10.219945
v 1.792059 0.923314 10.209788
v 1.814522 0.969606 10.200496
v 1.834269 1.013778 10.192307
v 1.850655 1.055513 10.185530
v 1.863010 1.094493 10.180404
v 1.870661 1.130404 10.177236
v 1.872955 1.162928 10.176286
v 1.645703 0.261545 10.450431
v 1.646193 0.317652 10.449952
v 1.648766 0.364694 10.447388
v 1.655332 0.413416 10.440813
v 1.665392 0.463499 10.430743
v 1.678457 0.514629 10.417687
v 1.693999 0.566487 10.402155
v 1.711518 0.618758 10.384626
v 1.730516 0.671124 10.365638
v 1.750473 0.723270 10.345671
v 1.770882 0.774878 10.325252
v 1.791253 0.825633 10.304872
v 1.811085 0.875217 10.285078
v 1.829834 0.923314 10.266311
v 1.847026 0.969605 10.249127
v 1.862146 1.013777 10.234018
v 1.874673 1.055512 10.221471
v 1.884119 1.094493 10.212006
v 1.889975 1.130404 10.206160
v 1.891751 1.162927 10.204403
v 1.890282 1.430886 10.205862
v 1.851221 0.080365 10.388888
v 1.953025 0.261545 10.577732
v 2.119329 0.261545 10.544652
v 2.260338 0.261545 10.450431
v 2.354558 0.261545 10.309432
v 2.387629 0.261545 10.143129
v 2.354558 0.261545 9.976796
v 2.260348 0.261545 9.835797
v 2.119339 0.261545 9.741586
v 1.953035 0.261545 9.708496
v 1.786712 0.261545 9.741586
v 1.645722 0.261545 9.835806
v 1.551502 0.261545 9.976796
v 1.518412 0.261545 10.143119
v 1.551502 0.261545 10.309432
v 1.764921 0.080365 10.331223
v 1.788325 0.206185 10.540735
v 1.793595 0.160890 10.528006
v 1.802523 0.125661 10.506455
v 1.815108 0.100497 10.476082
v 1.831331 0.085398 10.436906
v 1.953025 0.085398 10.461106
v 1.953016 0.100497 10.503527
v 1.953025 0.125660 10.536396
v 1.953016 0.160890 10.559714
v 1.953025 0.206185 10.573489
v 2.074710 0.085398 10.436896
v 2.090943 0.100496 10.476082
v 2.103519 0.125660 10.506455
v 2.112456 0.160889 10.528006
v 2.117716 0.206185 10.540725
v 2.177868 0.085398 10.367961
v 2.207886 0.100497 10.397950
v 2.231117 0.125660 10.421201
v 2.247599 0.160889 10.437693
v 2.257353 0.206185 10.447436
v 2.246812 0.085398 10.264804
v 2.285988 0.100497 10.281027
v 2.316352 0.125660 10.293622
v 2.337913 0.160890 10.302540
v 2.350642 0.206185 10.307820
v 2.271013 0.085398 10.143129
v 2.313433 0.100497 10.143109
v 2.346303 0.125661 10.143119
v 2.369620 0.160890 10.143119
v 2.383405 0.206184 10.143119
v 2.246812 0.085398 10.021425
v 2.285998 0.100497 10.005201
v 2.316361 0.125661 9.992626
v 2.337903 0.160890 9.983698
v 2.350642 0.206185 9.978409
v 2.177877 0.085398 9.918277
v 2.207876 0.100496 9.888278
v 2.231107 0.125661 9.865047
v 2.247609 0.160890 9.848535
v 2.257353 0.206185 9.838792
v 2.074710 0.085398 9.849342
v 2.090943 0.100496 9.810147
v 2.103538 0.125660 9.779783
v 2.112456 0.160890 9.758232
v 2.117726 0.206185 9.745503
v 1.953035 0.085398 9.825132
v 1.953035 0.100497 9.782720
v 1.953016 0.125660 9.749851
v 1.953035 0.160890 9.726515
v 1.953025 0.206185 9.712749
v 1.831331 0.085398 9.849342
v 1.815108 0.100497 9.810156
v 1.802542 0.125661 9.779793
v 1.793605 0.160889 9.758222
v 1.788334 0.206185 9.745493
v 1.728183 0.085398 9.918277
v 1.698175 0.100497 9.888268
v 1.674944 0.125661 9.865047
v 1.658452 0.160889 9.848535
v 1.648708 0.206185 9.838801
v 1.659248 0.085398 10.021444
v 1.620063 0.100497 10.005201
v 1.589689 0.125660 9.992626
v 1.568138 0.160890 9.983698
v 1.555400 0.206185 9.978418
v 1.635048 0.085398 10.143129
v 1.592627 0.100497 10.143129
v 1.559758 0.125660 10.143119
v 1.536421 0.160890 10.143119
v 1.522636 0.206185 10.143109
v 1.659248 0.085398 10.264804
v 1.620063 0.100497 10.281037
v 1.589699 0.125661 10.293622
v 1.568148 0.160890 10.302540
v 1.555409 0.206185 10.307810
v 1.648708 0.206185 10.447436
v 1.658442 0.160890 10.437693
v 1.674934 0.125660 10.421210
v 1.698184 0.100496 10.397950
v 1.728183 0.085398 10.367971
v 1.782363 0.080366 10.213801
v 1.899152 0.080365 10.273155
v 2.023736 0.080366 10.313781
v 1.822970 0.080365 10.089255
v 1.953025 0.080366 10.143119
v 2.083091 0.080365 10.196982
v 1.882324 0.080366 9.972467
v 2.006889 0.080366 10.013082
v 2.123697 0.080366 10.072447
v 1.953035 1.405685 10.261703
v 1.907658 1.405685 10.252670
v 1.998403 1.405685 10.252670
v 2.036859 1.405685 10.226972
v 2.062576 1.405685 10.188496
v 2.071600 1.405685 10.143129
v 2.062567 1.405685 10.097751
v 2.036868 1.405685 10.059285
v 1.998403 1.405685 10.033578
v 1.953025 1.405685 10.024564
v 1.907658 1.405685 10.033587
v 1.869192 1.405685 10.059295
v 1.843484 1.405685 10.097751
v 1.834461 1.405685 10.143129
v 1.843494 1.405685 10.188496
v 1.869192 1.405685 10.226962
v 1.907504 1.405669 10.253025
v 1.953025 1.405669 10.262097
v 1.998556 1.405669 10.253035
v 2.037147 1.405669 10.227240
v 2.062941 1.405669 10.188650
v 2.071984 1.405669 10.143129
v 2.062931 1.405669 10.097598
v 2.037147 1.405669 10.059007
v 1.998556 1.405669 10.033222
v 1.953016 1.405669 10.024170
v 1.907504 1.405669 10.033213
v 1.868914 1.405669 10.059007
v 1.843119 1.405669 10.097598
v 1.834067 1.405669 10.143129
v 1.843129 1.405669 10.188650
v 1.868904 1.405669 10.227250
v 1.913005 1.450060 10.239768
v 1.953035 1.430886 10.231858
v 1.986998 1.430886 10.225109
v 2.015759 1.430886 10.205862
v 2.035006 1.430886 10.177082
v 2.041764 1.430886 10.143129
v 2.035006 1.430886 10.109165
v 2.015769 1.430887 10.080376
v 1.986979 1.430886 10.061138
v 1.953025 1.430886 10.054380
v 1.919062 1.430886 10.061138
v 1.890282 1.430886 10.080366
v 1.871045 1.430886 10.109165
v 1.864296 1.430887 10.143119
v 1.871045 1.430886 10.177073
v 1.879051 1.450060 10.217103
v 1.899892 1.421810 10.271418
v 1.953035 1.421810 10.281997
v 2.006169 1.421810 10.271418
v 2.051230 1.421810 10.241323
v 2.081315 1.421810 10.196272
v 2.091903 1.421810 10.143129
v 2.081315 1.421810 10.089985
v 2.051230 1.421810 10.044924
v 2.006159 1.421810 10.014830
v 1.953025 1.421810 10.004260
v 1.899882 1.421810 10.014820
v 1.854831 1.421810 10.044924
v 1.824727 1.421810 10.089975
v 1.814157 1.421810 10.143129
v 1.824727 1.421810 10.196272
v 1.854831 1.421810 10.241313
v 1.917814 1.442774 10.228095
v 1.953035 1.450060 10.247736
v 1.953025 1.442774 10.235093
v 1.993056 1.450060 10.239768
v 1.988208 1.442774 10.228095
v 2.027010 1.450060 10.217084
v 2.018063 1.442773 10.208156
v 2.049674 1.450060 10.183159
v 2.037992 1.442774 10.178321
v 2.057632 1.450060 10.143129
v 2.044999 1.442773 10.143119
v 2.049674 1.450060 10.103079
v 2.037992 1.442774 10.107927
v 2.026990 1.450060 10.069154
v 2.018053 1.442774 10.078082
v 1.993056 1.450060 10.046480
v 1.988218 1.442774 10.058143
v 1.953016 1.450060 10.038512
v 1.953025 1.442774 10.051155
v 1.912985 1.450060 10.046480
v 1.917824 1.442774 10.058162
v 1.879051 1.450060 10.069154
v 1.887998 1.442773 10.078091
v 1.856376 1.450060 10.103089
v 1.868069 1.442774 10.107927
v 1.848409 1.450060 10.143129
v 1.861051 1.442773 10.143129
v 1.856376 1.450060 10.183159
v 1.868059 1.442774 10.178321
v 1.887998 1.442774 10.208166
v 1.953025 1.449644 10.267559
v 1.953025 1.441835 10.279971
v 1.905402 1.449644 10.258103
v 1.900669 1.441835 10.269546
v 1.865026 1.449644 10.231109
v 1.856271 1.441834 10.239883
v 1.838051 1.449644 10.190743
v 1.826608 1.441835 10.195485
v 1.828576 1.449644 10.143119
v 1.816183 1.441835 10.143129
v 1.838051 1.449644 10.095495
v 1.826589 1.441835 10.090763
v 1.865035 1.449644 10.055119
v 1.856261 1.441835 10.046364
v 1.905411 1.449644 10.028144
v 1.900640 1.441835 10.016692
v 1.953035 1.449644 10.018660
v 1.953035 1.441835 10.006276
v 2.000659 1.449644 10.028144
v 2.005391 1.441834 10.016692
v 2.041035 1.449644 10.055119
v 2.049790 1.441835 10.046364
v 2.068010 1.449644 10.095486
v 2.079452 1.441835 10.090753
v 2.077465 1.449644 10.143129
v 2.089868 1.441835 10.143119
v 2.068010 1.449644 10.190752
v 2.079452 1.441835 10.195494
v 2.041025 1.449644 10.231119
v 2.049799 1.441835 10.239883
v 2.000649 1.449644 10.258094
v 2.005391 1.441834 10.269546
v 1.902906 1.408327 10.264141
v 1.953025 1.408328 10.274106
v 2.003155 1.408327 10.264132
v 2.045643 1.408327 10.235746
v 2.074048 1.408327 10.193258
v 2.084012 1.408327 10.143129
v 2.074048 1.408328 10.092999
v 2.045652 1.408327 10.050502
v 2.003155 1.408328 10.022106
v 1.953035 1.408327 10.012142
v 1.902896 1.408328 10.022116
v 1.860399 1.408327 10.050511
v 1.832013 1.408327 10.092990
v 1.822048 1.408328 10.143119
v 1.832013 1.408327 10.193248
v 1.860399 1.408328 10.235746
vt 0.095123 0.104226
vt 0.087603 0.102676
vt 0.088076 0.099769
vt 0.095815 0.101390
vt 0.094517 0.106660
vt 0.087194 0.105147
vt 0.093863 0.109230
vt 0.086752 0.107763
vt 0.093170 0.111891
vt 0.086285 0.110475
vt 0.092436 0.114630
vt 0.085790 0.113282
vt 0.091658 0.117462
vt 0.085272 0.116177
vt 0.090829 0.120354
vt 0.084718 0.119141
vt 0.089958 0.123289
vt 0.084140 0.122159
vt 0.089049 0.126248
vt 0.083539 0.125205
vt 0.088123 0.129172
vt 0.082918 0.128253
vt 0.087156 0.132136
vt 0.082300 0.131244
vt 0.086208 0.134969
vt 0.081665 0.134213
vt 0.085259 0.137744
vt 0.081043 0.137083
vt 0.084360 0.140424
vt 0.080465 0.139828
vt 0.083535 0.142939
vt 0.079932 0.142406
vt 0.082822 0.145224
vt 0.079457 0.144772
vt 0.082237 0.147270
vt 0.079073 0.146881
vt 0.081790 0.149029
vt 0.078781 0.148688
vt 0.081445 0.150580
vt 0.078557 0.150274
vt 0.080344 0.163016
vt 0.077842 0.162820
vt 0.102593 0.106465
vt 0.103498 0.103687
vt 0.101799 0.108837
vt 0.100942 0.111332
vt 0.100031 0.113911
vt 0.099058 0.116571
vt 0.098018 0.119319
vt 0.096911 0.122106
vt 0.095751 0.124906
vt 0.094538 0.127715
vt 0.093261 0.130568
vt 0.091963 0.133353
vt 0.090650 0.136110
vt 0.089366 0.138748
vt 0.088168 0.141258
vt 0.087052 0.143647
vt 0.086083 0.145844
vt 0.085306 0.147800
vt 0.084713 0.149494
vt 0.084249 0.150998
vt 0.082829 0.163271
vt 0.110009 0.109357
vt 0.111105 0.106651
vt 0.109050 0.111649
vt 0.108003 0.114067
vt 0.106876 0.116555
vt 0.105664 0.119113
vt 0.104363 0.121728
vt 0.102970 0.124384
vt 0.101492 0.127066
vt 0.099936 0.129750
vt 0.098324 0.132389
vt 0.096657 0.135006
vt 0.094986 0.137561
vt 0.093376 0.140005
vt 0.091807 0.142383
vt 0.090430 0.144581
vt 0.089223 0.146629
vt 0.088233 0.148482
vt 0.087502 0.150082
vt 0.086943 0.151509
vt 0.085295 0.163562
vt 0.117408 0.112870
vt 0.118653 0.110225
vt 0.116287 0.115105
vt 0.115050 0.117439
vt 0.113706 0.119827
vt 0.112257 0.122293
vt 0.110673 0.124763
vt 0.108969 0.127269
vt 0.107149 0.129799
vt 0.105228 0.132286
vt 0.103221 0.134751
vt 0.101191 0.137115
vt 0.099150 0.139419
vt 0.097148 0.141651
vt 0.095286 0.143758
vt 0.093577 0.145759
vt 0.092168 0.147598
vt 0.091011 0.149276
vt 0.090141 0.150750
vt 0.089510 0.152074
vt 0.087739 0.163854
vt 0.124853 0.116895
vt 0.126233 0.114256
vt 0.123595 0.119116
vt 0.122173 0.121431
vt 0.120577 0.123766
vt 0.118828 0.126134
vt 0.116920 0.128529
vt 0.114834 0.130870
vt 0.112621 0.133199
vt 0.110285 0.135475
vt 0.107873 0.137665
vt 0.105415 0.139777
vt 0.102998 0.141772
vt 0.100654 0.143671
vt 0.098474 0.145466
vt 0.096532 0.147157
vt 0.094861 0.148736
vt 0.093568 0.150181
vt 0.092623 0.151464
vt 0.091944 0.152638
vt 0.090161 0.164086
vt 0.132584 0.121282
vt 0.134156 0.118469
vt 0.131105 0.123631
vt 0.129377 0.126027
vt 0.127467 0.128446
vt 0.125291 0.130793
vt 0.122914 0.133087
vt 0.120383 0.135346
vt 0.117673 0.137456
vt 0.114875 0.139488
vt 0.112010 0.141355
vt 0.109156 0.143095
vt 0.106353 0.144700
vt 0.103715 0.146185
vt 0.101286 0.147567
vt 0.099135 0.148857
vt 0.097327 0.150062
vt 0.095925 0.151178
vt 0.094931 0.152182
vt 0.094253 0.153105
vt 0.092552 0.164125
vt 0.020144 0.116852
vt 0.012349 0.121098
vt 0.010874 0.118241
vt 0.018782 0.114198
vt 0.021372 0.119100
vt 0.013802 0.123468
vt 0.022785 0.121428
vt 0.015464 0.125923
vt 0.024331 0.123817
vt 0.017397 0.128337
vt 0.026072 0.126199
vt 0.019517 0.130768
vt 0.027973 0.128608
vt 0.021855 0.133155
vt 0.030027 0.131022
vt 0.024419 0.135422
vt 0.032238 0.133396
vt 0.027132 0.137597
vt 0.034575 0.135712
vt 0.029954 0.139656
vt 0.037001 0.137939
vt 0.032834 0.141615
vt 0.039467 0.140076
vt 0.035735 0.143421
vt 0.041926 0.142112
vt 0.038571 0.145073
vt 0.044311 0.144036
vt 0.041276 0.146601
vt 0.046547 0.145849
vt 0.043775 0.148016
vt 0.048559 0.147549
vt 0.045992 0.149331
vt 0.050276 0.149131
vt 0.047854 0.150557
vt 0.051650 0.150576
vt 0.049300 0.151692
vt 0.052640 0.151866
vt 0.050388 0.152695
vt 0.053388 0.153040
vt 0.051063 0.153623
vt 0.055687 0.164424
vt 0.053368 0.164591
vt 0.027612 0.112897
vt 0.026385 0.110237
vt 0.028706 0.115149
vt 0.029922 0.117505
vt 0.031241 0.119925
vt 0.032673 0.122416
vt 0.034238 0.124934
vt 0.035930 0.127454
vt 0.037741 0.129975
vt 0.039660 0.132501
vt 0.041665 0.134980
vt 0.043725 0.137396
vt 0.045780 0.139708
vt 0.047804 0.141946
vt 0.049722 0.144067
vt 0.051465 0.146061
vt 0.052968 0.147910
vt 0.054187 0.149587
vt 0.055105 0.151057
vt 0.055808 0.152383
vt 0.058049 0.164097
vt 0.035002 0.109420
vt 0.033930 0.106703
vt 0.035946 0.111729
vt 0.036973 0.114162
vt 0.038080 0.116667
vt 0.039273 0.119242
vt 0.040558 0.121875
vt 0.041940 0.124549
vt 0.043414 0.127246
vt 0.044965 0.129950
vt 0.046583 0.132596
vt 0.048251 0.135231
vt 0.049958 0.137817
vt 0.051607 0.140267
vt 0.053185 0.142610
vt 0.054634 0.144824
vt 0.055899 0.146871
vt 0.056939 0.148713
vt 0.057739 0.150315
vt 0.058364 0.151745
vt 0.060442 0.163736
vt 0.042407 0.106544
vt 0.041523 0.103757
vt 0.043182 0.108919
vt 0.044020 0.111427
vt 0.044916 0.114018
vt 0.045875 0.116690
vt 0.046898 0.119413
vt 0.047995 0.122229
vt 0.049160 0.125081
vt 0.050378 0.127921
vt 0.051657 0.130743
vt 0.052959 0.133538
vt 0.054279 0.136268
vt 0.055602 0.138933
vt 0.056849 0.141447
vt 0.058009 0.143837
vt 0.059030 0.146033
vt 0.059878 0.147994
vt 0.060543 0.149683
vt 0.061053 0.151179
vt 0.062865 0.163395
vt 0.049863 0.104291
vt 0.049187 0.101432
vt 0.050456 0.106735
vt 0.051093 0.109310
vt 0.051771 0.111974
vt 0.052494 0.114726
vt 0.053266 0.117574
vt 0.054083 0.120469
vt 0.054947 0.123409
vt 0.055853 0.126370
vt 0.056807 0.129328
vt 0.057771 0.132261
vt 0.058745 0.135094
vt 0.059712 0.137881
vt 0.060664 0.140568
vt 0.061527 0.143062
vt 0.062297 0.145358
vt 0.062937 0.147392
vt 0.063445 0.149154
vt 0.063852 0.150699
vt 0.065318 0.163106
vt 0.057382 0.102723
vt 0.056932 0.099822
vt 0.057774 0.105196
vt 0.058200 0.107821
vt 0.058653 0.110545
vt 0.059136 0.113353
vt 0.059647 0.116262
vt 0.060192 0.119219
vt 0.060766 0.122221
vt 0.061366 0.125244
vt 0.062000 0.128334
vt 0.062636 0.131322
vt 0.063297 0.134291
vt 0.063933 0.137168
vt 0.064557 0.139918
vt 0.065139 0.142492
vt 0.065658 0.144850
vt 0.066108 0.146968
vt 0.066453 0.148760
vt 0.066735 0.150338
vt 0.067796 0.162887
vt 0.064924 0.101755
vt 0.064703 0.098824
vt 0.065118 0.104268
vt 0.065329 0.106918
vt 0.065552 0.109667
vt 0.065792 0.112525
vt 0.066044 0.115461
vt 0.066318 0.118470
vt 0.066607 0.121532
vt 0.066912 0.124626
vt 0.067221 0.127688
vt 0.067547 0.130790
vt 0.067881 0.133829
vt 0.068203 0.136743
vt 0.068519 0.139542
vt 0.068822 0.142143
vt 0.069094 0.144540
vt 0.069328 0.146680
vt 0.069521 0.148523
vt 0.069671 0.150138
vt 0.070301 0.162714
vt 0.072487 0.101441
vt 0.072498 0.098503
vt 0.072478 0.103955
vt 0.072470 0.106617
vt 0.072464 0.109374
vt 0.072459 0.112225
vt 0.072455 0.115158
vt 0.072452 0.118207
vt 0.072455 0.121286
vt 0.072461 0.124396
vt 0.072462 0.127548
vt 0.072471 0.130607
vt 0.072485 0.133616
vt 0.072490 0.136565
vt 0.072507 0.139365
vt 0.072536 0.142016
vt 0.072563 0.144441
vt 0.072589 0.146598
vt 0.072616 0.148440
vt 0.072642 0.150049
vt 0.072813 0.162663
vt 0.080053 0.101737
vt 0.080295 0.098807
vt 0.079842 0.104232
vt 0.079617 0.106880
vt 0.079379 0.109631
vt 0.079128 0.112485
vt 0.078868 0.115413
vt 0.078590 0.118413
vt 0.078302 0.121493
vt 0.078004 0.124604
vt 0.077699 0.127684
vt 0.077392 0.130771
vt 0.077084 0.133804
vt 0.076777 0.136718
vt 0.076501 0.139477
vt 0.076254 0.142082
vt 0.076027 0.144502
vt 0.075847 0.146652
vt 0.075713 0.148487
vt 0.075614 0.150093
vt 0.075330 0.162699
vt 0.088555 0.096771
vt 0.096514 0.098481
vt 0.104413 0.100821
vt 0.112206 0.103852
vt 0.119904 0.107474
vt 0.127560 0.111519
vt 0.135512 0.115503
vt 0.009502 0.115279
vt 0.017514 0.111429
vt 0.025173 0.107480
vt 0.032854 0.103896
vt 0.040625 0.100860
vt 0.048516 0.098509
vt 0.056480 0.096843
vt 0.064483 0.095809
vt 0.072513 0.095484
vt 0.080541 0.095792
vt 0.088979 0.094058
vt 0.097157 0.095769
vt 0.089366 0.091522
vt 0.097756 0.093219
vt 0.048707 0.252662
vt 0.046326 0.251620
vt 0.047864 0.244483
vt 0.050466 0.244535
vt 0.043881 0.250564
vt 0.045201 0.244444
vt 0.041272 0.249436
vt 0.042354 0.244400
vt 0.105237 0.098200
vt 0.105991 0.095801
vt 0.046552 0.237295
vt 0.048980 0.236345
vt 0.044076 0.238277
vt 0.041427 0.239328
vt 0.113178 0.101323
vt 0.114109 0.098879
vt 0.042576 0.231159
vt 0.044457 0.229333
vt 0.040664 0.233016
vt 0.038621 0.234999
vt 0.121005 0.104952
vt 0.122003 0.102632
vt 0.036561 0.226997
vt 0.037587 0.224615
vt 0.035507 0.229450
vt 0.034377 0.232069
vt 0.128707 0.108978
vt 0.129738 0.106594
vt 0.029406 0.225475
vt 0.029454 0.222870
vt 0.029373 0.228141
vt 0.029332 0.230992
vt 0.136526 0.112768
vt 0.137306 0.110198
vt 0.022217 0.226807
vt 0.021248 0.224371
vt 0.023201 0.229279
vt 0.024257 0.231928
vt 0.008533 0.112531
vt 0.016410 0.108893
vt 0.007812 0.109981
vt 0.015397 0.106480
vt 0.016072 0.230777
vt 0.014260 0.228916
vt 0.017935 0.232694
vt 0.019926 0.234737
vt 0.024096 0.104947
vt 0.023118 0.102614
vt 0.011939 0.236820
vt 0.009527 0.235787
vt 0.014391 0.237871
vt 0.017009 0.238994
vt 0.031874 0.101292
vt 0.030984 0.098887
vt 0.010421 0.243977
vt 0.007812 0.243958
vt 0.013085 0.244007
vt 0.015936 0.244041
vt 0.039830 0.098234
vt 0.039086 0.095725
vt 0.011769 0.251160
vt 0.009359 0.252141
vt 0.014244 0.250167
vt 0.016885 0.249109
vt 0.047916 0.095855
vt 0.047369 0.093396
vt 0.015759 0.257273
vt 0.013910 0.259096
vt 0.017659 0.255412
vt 0.019694 0.253426
vt 0.056070 0.094091
vt 0.055689 0.091502
vt 0.021769 0.261398
vt 0.020752 0.263773
vt 0.022816 0.258955
vt 0.023937 0.256340
vt 0.064286 0.093059
vt 0.064117 0.090549
vt 0.028900 0.262896
vt 0.028866 0.265503
vt 0.028935 0.260241
vt 0.028972 0.257403
vt 0.072526 0.092736
vt 0.072546 0.090118
vt 0.036068 0.261584
vt 0.037023 0.263984
vt 0.035082 0.259114
vt 0.034032 0.256472
vt 0.080760 0.093083
vt 0.080964 0.090575
vt 0.042181 0.257620
vt 0.043980 0.259488
vt 0.040331 0.255715
vt 0.038350 0.253675
vt 0.032520 0.252674
vt 0.035526 0.246956
vt 0.037620 0.240838
vt 0.026406 0.250589
vt 0.029149 0.244209
vt 0.031896 0.237826
vt 0.020683 0.247589
vt 0.022766 0.241465
vt 0.025774 0.235735
vt 0.221315 0.154561
vt 0.220825 0.151780
vt 0.227923 0.150130
vt 0.228638 0.152840
vt 0.220410 0.149462
vt 0.227312 0.147851
vt 0.219965 0.147013
vt 0.226656 0.145456
vt 0.219487 0.144437
vt 0.225949 0.142940
vt 0.218975 0.141742
vt 0.225191 0.140322
vt 0.218433 0.138958
vt 0.224379 0.137595
vt 0.217849 0.136071
vt 0.223506 0.134791
vt 0.217234 0.133118
vt 0.222592 0.131957
vt 0.216588 0.130120
vt 0.221621 0.129072
vt 0.215923 0.127137
vt 0.220608 0.126156
vt 0.215239 0.124160
vt 0.219562 0.123264
vt 0.214543 0.121231
vt 0.218495 0.120415
vt 0.213835 0.118344
vt 0.217440 0.117669
vt 0.213174 0.115561
vt 0.216415 0.114978
vt 0.212542 0.112921
vt 0.215468 0.112449
vt 0.211985 0.110449
vt 0.214620 0.110069
vt 0.211522 0.108178
vt 0.213911 0.107874
vt 0.211166 0.106138
vt 0.213375 0.105901
vt 0.210905 0.104334
vt 0.212970 0.104141
vt 0.210493 0.090534
vt 0.212254 0.090455
vt 0.234947 0.147814
vt 0.235865 0.150440
vt 0.234146 0.145593
vt 0.233285 0.143270
vt 0.232358 0.140837
vt 0.231356 0.138302
vt 0.230275 0.135664
vt 0.229114 0.132974
vt 0.227883 0.130231
vt 0.226582 0.127490
vt 0.225223 0.124743
vt 0.223821 0.122019
vt 0.222377 0.119321
vt 0.220942 0.116701
vt 0.219582 0.114190
vt 0.218311 0.111799
vt 0.217168 0.109536
vt 0.216229 0.107451
vt 0.215510 0.105561
vt 0.214982 0.103873
vt 0.214015 0.090347
vt 0.241860 0.144833
vt 0.242978 0.147397
vt 0.240897 0.142694
vt 0.239850 0.140449
vt 0.238706 0.138107
vt 0.237462 0.135677
vt 0.236114 0.133174
vt 0.234660 0.130618
vt 0.233106 0.128029
vt 0.231456 0.125434
vt 0.229723 0.122856
vt 0.227933 0.120312
vt 0.226124 0.117848
vt 0.224336 0.115457
vt 0.222609 0.113131
vt 0.220989 0.110912
vt 0.219591 0.108838
vt 0.218445 0.106909
vt 0.217553 0.105138
vt 0.216930 0.103548
vt 0.215774 0.090221
vt 0.248706 0.141251
vt 0.249979 0.143754
vt 0.247577 0.139168
vt 0.246340 0.137004
vt 0.244980 0.134762
vt 0.243500 0.132423
vt 0.241865 0.130070
vt 0.240097 0.127671
vt 0.238196 0.125246
vt 0.236173 0.122843
vt 0.234052 0.120482
vt 0.231876 0.118196
vt 0.229669 0.115973
vt 0.227495 0.113837
vt 0.225410 0.111787
vt 0.223516 0.109840
vt 0.221865 0.107994
vt 0.220520 0.106261
vt 0.219502 0.104658
vt 0.218804 0.103195
vt 0.217532 0.090089
vt 0.255522 0.137160
vt 0.256942 0.139649
vt 0.254253 0.135098
vt 0.252831 0.132964
vt 0.251237 0.130764
vt 0.249452 0.128532
vt 0.247496 0.126258
vt 0.245344 0.124033
vt 0.243048 0.121814
vt 0.240614 0.119654
vt 0.238081 0.117571
vt 0.235486 0.115564
vt 0.232905 0.113674
vt 0.230378 0.111879
vt 0.227991 0.110173
vt 0.225824 0.108549
vt 0.223956 0.106999
vt 0.222454 0.105525
vt 0.221357 0.104136
vt 0.220609 0.102846
vt 0.219272 0.089971
vt 0.262557 0.132717
vt 0.264162 0.135362
vt 0.261077 0.130539
vt 0.259368 0.128331
vt 0.257420 0.126109
vt 0.255234 0.123902
vt 0.252823 0.121737
vt 0.250239 0.119596
vt 0.247453 0.117607
vt 0.244550 0.115731
vt 0.241581 0.113980
vt 0.238599 0.112358
vt 0.235651 0.110868
vt 0.232837 0.109496
vt 0.230213 0.108216
vt 0.227855 0.107004
vt 0.225839 0.105839
vt 0.224231 0.104705
vt 0.223071 0.103606
vt 0.222332 0.102573
vt 0.221022 0.089873
vt 0.148867 0.135617
vt 0.150380 0.132925
vt 0.157527 0.137215
vt 0.156135 0.139714
vt 0.151836 0.130728
vt 0.158762 0.135129
vt 0.153521 0.128496
vt 0.160153 0.132966
vt 0.155447 0.126246
vt 0.161713 0.130731
vt 0.157582 0.123958
vt 0.163481 0.128481
vt 0.159955 0.121704
vt 0.165425 0.126191
vt 0.162574 0.119566
vt 0.167537 0.123881
vt 0.165340 0.117466
vt 0.169832 0.121629
vt 0.168268 0.115540
vt 0.172264 0.119436
vt 0.171269 0.113732
vt 0.174807 0.117299
vt 0.174293 0.112057
vt 0.177416 0.115263
vt 0.177277 0.110514
vt 0.180036 0.113331
vt 0.180155 0.109093
vt 0.182600 0.111506
vt 0.182852 0.107771
vt 0.185041 0.109779
vt 0.185292 0.106526
vt 0.187278 0.108140
vt 0.187392 0.105332
vt 0.189230 0.106582
vt 0.189070 0.104176
vt 0.190830 0.105106
vt 0.190362 0.103082
vt 0.192008 0.103707
vt 0.191118 0.102047
vt 0.192833 0.102408
vt 0.193045 0.089392
vt 0.194772 0.089578
vt 0.164361 0.141229
vt 0.163103 0.143744
vt 0.165463 0.139129
vt 0.166678 0.136944
vt 0.168011 0.134670
vt 0.169471 0.132305
vt 0.171084 0.129921
vt 0.172834 0.127481
vt 0.174724 0.125064
vt 0.176739 0.122616
vt 0.178859 0.120236
vt 0.181053 0.117915
vt 0.183282 0.115670
vt 0.185474 0.113533
vt 0.187598 0.111466
vt 0.189562 0.109506
vt 0.191293 0.107655
vt 0.192725 0.105919
vt 0.193819 0.104309
vt 0.194611 0.102837
vt 0.196500 0.089777
vt 0.171179 0.144791
vt 0.170079 0.147370
vt 0.172136 0.142626
vt 0.173166 0.140363
vt 0.174292 0.138007
vt 0.175515 0.135554
vt 0.176845 0.133029
vt 0.178281 0.130448
vt 0.179827 0.127838
vt 0.181469 0.125216
vt 0.183196 0.122643
vt 0.184993 0.120075
vt 0.186818 0.117601
vt 0.188659 0.115180
vt 0.190433 0.112845
vt 0.192082 0.110645
vt 0.193553 0.108567
vt 0.194782 0.106636
vt 0.195753 0.104862
vt 0.196470 0.103264
vt 0.198231 0.089975
vt 0.178084 0.147748
vt 0.177176 0.150397
vt 0.178864 0.145523
vt 0.179707 0.143187
vt 0.180618 0.140735
vt 0.181605 0.138186
vt 0.182673 0.135548
vt 0.183816 0.132841
vt 0.185044 0.130063
vt 0.186338 0.127314
vt 0.187711 0.124537
vt 0.189117 0.121816
vt 0.190573 0.119127
vt 0.192037 0.116485
vt 0.193442 0.113971
vt 0.194783 0.111563
vt 0.195983 0.109306
vt 0.197002 0.107223
vt 0.197803 0.105342
vt 0.198407 0.103652
vt 0.199967 0.090157
vt 0.185081 0.150080
vt 0.184386 0.152802
vt 0.185677 0.147792
vt 0.186319 0.145388
vt 0.187011 0.142864
vt 0.187757 0.140229
vt 0.188561 0.137496
vt 0.189415 0.134687
vt 0.190328 0.131827
vt 0.191303 0.128915
vt 0.192323 0.125997
vt 0.193385 0.123094
vt 0.194466 0.120264
vt 0.195548 0.117498
vt 0.196607 0.114832
vt 0.197613 0.112290
vt 0.198525 0.109907
vt 0.199305 0.107714
vt 0.199931 0.105737
vt 0.200415 0.103984
vt 0.201708 0.090312
vt 0.192171 0.151742
vt 0.191704 0.154515
vt 0.192569 0.149416
vt 0.192999 0.146960
vt 0.193463 0.144376
vt 0.193963 0.141684
vt 0.194501 0.138857
vt 0.195072 0.135979
vt 0.195680 0.133039
vt 0.196326 0.130061
vt 0.197001 0.127070
vt 0.197699 0.124062
vt 0.198433 0.121071
vt 0.199153 0.118234
vt 0.199861 0.115456
vt 0.200539 0.112817
vt 0.201158 0.110346
vt 0.201693 0.108076
vt 0.202127 0.106031
vt 0.202470 0.104224
vt 0.203462 0.090458
vt 0.199317 0.152757
vt 0.199086 0.155556
vt 0.199515 0.150391
vt 0.199728 0.147908
vt 0.199957 0.145296
vt 0.200206 0.142562
vt 0.200470 0.139720
vt 0.200756 0.136768
vt 0.201063 0.133774
vt 0.201388 0.130739
vt 0.201726 0.127652
vt 0.202073 0.124611
vt 0.202437 0.121597
vt 0.202818 0.118650
vt 0.203178 0.115836
vt 0.203527 0.113146
vt 0.203850 0.110625
vt 0.204135 0.108310
vt 0.204375 0.106229
vt 0.204568 0.104390
vt 0.205214 0.090541
vt 0.206497 0.153105
vt 0.206507 0.155918
vt 0.206488 0.150735
vt 0.206481 0.148239
vt 0.206474 0.145617
vt 0.206469 0.142866
vt 0.206461 0.140006
vt 0.206455 0.137054
vt 0.206459 0.134031
vt 0.206466 0.130963
vt 0.206462 0.127875
vt 0.206471 0.124840
vt 0.206475 0.121812
vt 0.206496 0.118830
vt 0.206520 0.115971
vt 0.206544 0.113255
vt 0.206572 0.110714
vt 0.206607 0.108386
vt 0.206646 0.106298
vt 0.206685 0.104461
vt 0.206971 0.090581
vt 0.213677 0.152783
vt 0.213927 0.155581
vt 0.213462 0.150428
vt 0.213234 0.147946
vt 0.212990 0.145333
vt 0.212730 0.142593
vt 0.212453 0.139756
vt 0.212160 0.136832
vt 0.211854 0.133815
vt 0.211534 0.130754
vt 0.211201 0.127713
vt 0.210864 0.124646
vt 0.210518 0.121654
vt 0.210177 0.118711
vt 0.209865 0.115904
vt 0.209558 0.113194
vt 0.209293 0.110666
vt 0.209077 0.108350
vt 0.208917 0.106273
vt 0.208804 0.104442
vt 0.208731 0.090578
vt 0.229328 0.155502
vt 0.221792 0.157294
vt 0.236762 0.153061
vt 0.244053 0.149949
vt 0.251211 0.146259
vt 0.258261 0.142128
vt 0.265512 0.138043
vt 0.154856 0.142216
vt 0.147554 0.138313
vt 0.161900 0.146249
vt 0.169017 0.149933
vt 0.176291 0.153044
vt 0.183721 0.155475
vt 0.191253 0.157256
vt 0.198864 0.158322
vt 0.206517 0.158698
vt 0.214175 0.158370
vt 0.229911 0.157787
vt 0.222194 0.159619
vt 0.230438 0.159816
vt 0.222561 0.161683
vt 0.062369 0.233720
vt 0.061086 0.240622
vt 0.058972 0.240646
vt 0.060425 0.232939
vt 0.064452 0.234559
vt 0.063328 0.240597
vt 0.066851 0.235522
vt 0.065909 0.240568
vt 0.237502 0.155268
vt 0.238170 0.157256
vt 0.066214 0.227852
vt 0.064704 0.226373
vt 0.067812 0.229418
vt 0.069657 0.231225
vt 0.244952 0.152129
vt 0.245745 0.154070
vt 0.072003 0.223893
vt 0.071186 0.221957
vt 0.072883 0.225956
vt 0.073895 0.228330
vt 0.252223 0.148396
vt 0.253117 0.150300
vt 0.078865 0.222451
vt 0.078842 0.220360
vt 0.078886 0.224692
vt 0.078914 0.227274
vt 0.259322 0.144270
vt 0.260257 0.146191
vt 0.085752 0.223747
vt 0.086528 0.221795
vt 0.084915 0.225825
vt 0.083954 0.228221
vt 0.266513 0.140352
vt 0.267228 0.142395
vt 0.091622 0.227580
vt 0.093099 0.226069
vt 0.090058 0.229179
vt 0.088252 0.231025
vt 0.153827 0.144360
vt 0.146623 0.140630
vt 0.152921 0.146294
vt 0.145942 0.142683
vt 0.095592 0.233363
vt 0.097519 0.232540
vt 0.093528 0.234246
vt 0.091151 0.235261
vt 0.160901 0.148392
vt 0.160029 0.150271
vt 0.097024 0.240235
vt 0.099138 0.240213
vt 0.094781 0.240258
vt 0.092201 0.240285
vt 0.168127 0.152119
vt 0.167323 0.154098
vt 0.095728 0.247130
vt 0.097676 0.247923
vt 0.093650 0.246293
vt 0.091254 0.245329
vt 0.175549 0.155313
vt 0.174904 0.157306
vt 0.091888 0.252994
vt 0.093381 0.254469
vt 0.090288 0.251426
vt 0.088446 0.249621
vt 0.183158 0.157772
vt 0.182677 0.159773
vt 0.086106 0.256949
vt 0.086926 0.258869
vt 0.085229 0.254888
vt 0.084216 0.252515
vt 0.190879 0.159556
vt 0.190539 0.161665
vt 0.079254 0.258386
vt 0.079284 0.260485
vt 0.079229 0.256150
vt 0.079200 0.253569
vt 0.198675 0.160707
vt 0.198518 0.162756
vt 0.072367 0.257093
vt 0.071581 0.259053
vt 0.073200 0.255014
vt 0.074160 0.252621
vt 0.206523 0.161063
vt 0.206539 0.163160
vt 0.066487 0.253273
vt 0.065025 0.254770
vt 0.068056 0.251671
vt 0.069861 0.249824
vt 0.214380 0.160722
vt 0.214573 0.162809
vt 0.062529 0.247487
vt 0.060599 0.248321
vt 0.064587 0.246607
vt 0.066963 0.245591
vt 0.072670 0.246951
vt 0.072099 0.240500
vt 0.072530 0.234036
vt 0.079131 0.247380
vt 0.079055 0.240424
vt 0.078980 0.233465
vt 0.085578 0.246811
vt 0.086010 0.240350
vt 0.085441 0.233897
vt 0.122918 0.199574
vt 0.125062 0.199867
vt 0.124961 0.200843
vt 0.122715 0.200537
vt 0.127196 0.199926
vt 0.127213 0.200916
vt 0.129317 0.199810
vt 0.129442 0.200764
vt 0.131405 0.199479
vt 0.131608 0.200392
vt 0.133416 0.198906
vt 0.133714 0.199815
vt 0.135359 0.198184
vt 0.135733 0.199030
vt 0.137191 0.197230
vt 0.137664 0.198056
vt 0.138949 0.196130
vt 0.139510 0.196891
vt 0.140585 0.194815
vt 0.141236 0.195510
vt 0.142032 0.193182
vt 0.142950 0.193762
vt 0.111387 0.192935
vt 0.112976 0.194715
vt 0.112262 0.195492
vt 0.110382 0.193569
vt 0.114792 0.196117
vt 0.114200 0.196983
vt 0.116715 0.197315
vt 0.116243 0.198222
vt 0.118727 0.198293
vt 0.118355 0.199225
vt 0.120794 0.199064
vt 0.120511 0.199992
vt 0.080343 0.163036
vt 0.077842 0.162840
vt 0.082828 0.163291
vt 0.085293 0.163581
vt 0.087738 0.163873
vt 0.090161 0.164105
vt 0.092558 0.164144
vt 0.055688 0.164444
vt 0.053363 0.164611
vt 0.058051 0.164117
vt 0.060444 0.163755
vt 0.062867 0.163415
vt 0.065319 0.163125
vt 0.067797 0.162906
vt 0.070302 0.162734
vt 0.072813 0.162682
vt 0.075329 0.162719
vt 0.123060 0.198782
vt 0.123196 0.198082
vt 0.125183 0.198363
vt 0.125120 0.199070
vt 0.121024 0.198280
vt 0.121241 0.197590
vt 0.119043 0.197534
vt 0.119336 0.196864
vt 0.117125 0.196573
vt 0.117483 0.195930
vt 0.115277 0.195437
vt 0.115702 0.194828
vt 0.113557 0.194096
vt 0.114065 0.193552
vt 0.112125 0.192477
vt 0.112693 0.192022
vt 0.140050 0.194256
vt 0.139578 0.193762
vt 0.140829 0.192345
vt 0.141355 0.192764
vt 0.138495 0.195495
vt 0.138100 0.194945
vt 0.136821 0.196566
vt 0.136481 0.195977
vt 0.135053 0.197487
vt 0.134776 0.196859
vt 0.133175 0.198166
vt 0.132965 0.197516
vt 0.131241 0.198723
vt 0.131094 0.198043
vt 0.129232 0.199018
vt 0.129159 0.198325
vt 0.127186 0.199152
vt 0.127177 0.198446
vt 0.124902 0.201498
vt 0.124835 0.202390
vt 0.122422 0.202071
vt 0.122587 0.201186
vt 0.127220 0.201568
vt 0.127243 0.202453
vt 0.129512 0.201405
vt 0.129621 0.202274
vt 0.131743 0.201017
vt 0.131939 0.201862
vt 0.133908 0.200417
vt 0.134184 0.201229
vt 0.135984 0.199609
vt 0.136333 0.200390
vt 0.137980 0.198611
vt 0.138405 0.199354
vt 0.139871 0.197402
vt 0.140367 0.198103
vt 0.141671 0.196009
vt 0.142233 0.196689
vt 0.143576 0.194233
vt 0.144285 0.195056
vt 0.111786 0.196035
vt 0.111175 0.196808
vt 0.108878 0.194970
vt 0.109695 0.194082
vt 0.113804 0.197558
vt 0.113284 0.198348
vt 0.115914 0.198824
vt 0.115484 0.199650
vt 0.118092 0.199844
vt 0.117751 0.200692
vt 0.120314 0.200627
vt 0.120059 0.201492
vt 0.122280 0.202797
vt 0.124775 0.203121
vt 0.122157 0.203442
vt 0.124718 0.203755
vt 0.119845 0.202198
vt 0.119669 0.202794
vt 0.117472 0.201385
vt 0.117226 0.201984
vt 0.115130 0.200327
vt 0.114820 0.200912
vt 0.112850 0.199007
vt 0.112475 0.199582
vt 0.110705 0.197441
vt 0.110317 0.197979
vt 0.108387 0.195754
vt 0.108085 0.196414
vt 0.142663 0.197255
vt 0.144709 0.195759
vt 0.143011 0.197731
vt 0.144978 0.196341
vt 0.140765 0.198678
vt 0.141103 0.199177
vt 0.138747 0.199968
vt 0.139053 0.200512
vt 0.136612 0.201031
vt 0.136849 0.201570
vt 0.134405 0.201896
vt 0.134591 0.202474
vt 0.132095 0.202554
vt 0.132225 0.203156
vt 0.129708 0.202987
vt 0.129778 0.203606
vt 0.127258 0.203179
vt 0.127265 0.203809
vn 0.000026 0.044702 0.999000
vn -0.382311 0.044676 0.922953
vn -0.382491 -0.032038 0.923404
vn 0.000011 -0.032037 0.999487
vn 0.000030 0.132431 0.991192
vn -0.379323 0.132407 0.915742
vn -0.382311 0.044676 0.922953
vn 0.000026 0.044702 0.999000
vn 0.000017 0.230981 0.972958
vn -0.372340 0.231007 0.898887
vn -0.379323 0.132407 0.915742
vn 0.000030 0.132431 0.991192
vn -0.000009 0.307131 0.951667
vn -0.364195 0.307161 0.879212
vn -0.372340 0.231007 0.898887
vn 0.000017 0.230981 0.972958
vn -0.000018 0.365374 0.930861
vn -0.356239 0.365378 0.859996
vn -0.364195 0.307161 0.879212
vn -0.000009 0.307131 0.951667
vn -0.000010 0.409719 0.912212
vn -0.349097 0.409705 0.842777
vn -0.356239 0.365378 0.859996
vn -0.000018 0.365374 0.930861
vn -0.000005 0.442724 0.896658
vn -0.343145 0.442749 0.828387
vn -0.349097 0.409705 0.842777
vn -0.000010 0.409719 0.912212
vn -0.000018 0.466372 0.884589
vn -0.338545 0.466393 0.817230
vn -0.343145 0.442749 0.828387
vn -0.000005 0.442724 0.896658
vn -0.000020 0.482300 0.876006
vn -0.335265 0.482278 0.809324
vn -0.338545 0.466393 0.817230
vn -0.000018 0.466372 0.884589
vn -0.000007 0.490998 0.871161
vn -0.333399 0.490998 0.804839
vn -0.335265 0.482278 0.809324
vn -0.000020 0.482300 0.876006
vn -0.000008 0.492790 0.870148
vn -0.333010 0.492771 0.803916
vn -0.333399 0.490998 0.804839
vn -0.000007 0.490998 0.871161
vn 0.000007 0.487496 0.873125
vn -0.334149 0.487444 0.806686
vn -0.333010 0.492771 0.803916
vn -0.000008 0.492790 0.870148
vn 0.000035 0.473806 0.880629
vn -0.337007 0.473784 0.813606
vn -0.334149 0.487444 0.806686
vn 0.000007 0.487496 0.873125
vn 0.000047 0.450087 0.892985
vn -0.341735 0.450118 0.824992
vn -0.337007 0.473784 0.813606
vn 0.000035 0.473806 0.880629
vn 0.000017 0.412997 0.910733
vn -0.348537 0.413043 0.841378
vn -0.341735 0.450118 0.824992
vn 0.000047 0.450087 0.892985
vn -0.000063 0.357330 0.933978
vn -0.357429 0.357349 0.862871
vn -0.348537 0.413043 0.841378
vn 0.000017 0.412997 0.910733
vn -0.000134 0.274254 0.961657
vn -0.367991 0.274211 0.888477
vn -0.357429 0.357349 0.862871
vn -0.000063 0.357330 0.933978
vn -0.000060 0.149811 0.988715
vn -0.378308 0.149684 0.913498
vn -0.367991 0.274211 0.888477
vn -0.000134 0.274254 0.961657
vn 0.000070 0.035143 0.999382
vn -0.382416 0.035069 0.923324
vn -0.378308 0.149684 0.913498
vn -0.000060 0.149811 0.988715
vn 0.000102 -0.004622 0.999989
vn -0.382690 -0.004576 0.923865
vn -0.382416 0.035069 0.923324
vn 0.000070 0.035143 0.999382
vn 0.382311 0.044701 0.922952
vn 0.000026 0.044702 0.999000
vn 0.000011 -0.032037 0.999487
vn 0.382508 -0.032020 0.923397
vn 0.379301 0.132432 0.915747
vn 0.000030 0.132431 0.991192
vn 0.000026 0.044702 0.999000
vn 0.382311 0.044701 0.922952
vn 0.372326 0.230924 0.898914
vn 0.000017 0.230981 0.972958
vn 0.000030 0.132431 0.991192
vn 0.379301 0.132432 0.915747
vn 0.364184 0.307168 0.879214
vn -0.000009 0.307131 0.951667
vn 0.000017 0.230981 0.972958
vn 0.372326 0.230924 0.898914
vn 0.356234 0.365402 0.859988
vn -0.000018 0.365374 0.930861
vn -0.000009 0.307131 0.951667
vn 0.364184 0.307168 0.879214
vn 0.349095 0.409683 0.842788
vn -0.000010 0.409719 0.912212
vn -0.000018 0.365374 0.930861
vn 0.356234 0.365402 0.859988
vn 0.343129 0.442722 0.828408
vn -0.000005 0.442724 0.896658
vn -0.000010 0.409719 0.912212
vn 0.349095 0.409683 0.842788
vn 0.338526 0.466354 0.817260
vn -0.000018 0.466372 0.884589
vn -0.000005 0.442724 0.896658
vn 0.343129 0.442722 0.828408
vn 0.335247 0.482294 0.809322
vn -0.000020 0.482300 0.876006
vn -0.000018 0.466372 0.884589
vn 0.338526 0.466354 0.817260
vn 0.333371 0.491024 0.804835
vn -0.000007 0.490998 0.871161
vn -0.000020 0.482300 0.876006
vn 0.335247 0.482294 0.809322
vn 0.332995 0.492803 0.803903
vn -0.000008 0.492790 0.870148
vn -0.000007 0.490998 0.871161
vn 0.333371 0.491024 0.804835
vn 0.334168 0.487480 0.806657
vn 0.000007 0.487496 0.873125
vn -0.000008 0.492790 0.870148
vn 0.332995 0.492803 0.803903
vn 0.337027 0.473817 0.813579
vn 0.000035 0.473806 0.880629
vn 0.000007 0.487496 0.873125
vn 0.334168 0.487480 0.806657
vn 0.341734 0.450106 0.824998
vn 0.000047 0.450087 0.892985
vn 0.000035 0.473806 0.880629
vn 0.337027 0.473817 0.813579
vn 0.348539 0.412978 0.841409
vn 0.000017 0.412997 0.910733
vn 0.000047 0.450087 0.892985
vn 0.341734 0.450106 0.824998
vn 0.357460 0.357240 0.862903
vn -0.000063 0.357330 0.933978
vn 0.000017 0.412997 0.910733
vn 0.348539 0.412978 0.841409
vn 0.368026 0.274189 0.888469
vn -0.000134 0.274254 0.961657
vn -0.000063 0.357330 0.933978
vn 0.357460 0.357240 0.862903
vn 0.378329 0.149964 0.913443
vn -0.000060 0.149811 0.988715
vn -0.000134 0.274254 0.961657
vn 0.368026 0.274189 0.888469
vn 0.382466 0.035295 0.923295
vn 0.000070 0.035143 0.999382
vn -0.000060 0.149811 0.988715
vn 0.378329 0.149964 0.913443
vn 0.382758 -0.004634 0.923837
vn 0.000102 -0.004622 0.999989
vn 0.000070 0.035143 0.999382
vn 0.382466 0.035295 0.923295
vn 0.706396 0.044584 0.706411
vn 0.382311 0.044701 0.922952
vn 0.382508 -0.032020 0.923397
vn 0.706746 -0.032013 0.706742
vn 0.700858 0.132407 0.700904
vn 0.379301 0.132432 0.915747
vn 0.382311 0.044701 0.922952
vn 0.706396 0.044584 0.706411
vn 0.687977 0.230964 0.687999
vn 0.372326 0.230924 0.898914
vn 0.379301 0.132432 0.915747
vn 0.700858 0.132407 0.700904
vn 0.672919 0.307229 0.672897
vn 0.364184 0.307168 0.879214
vn 0.372326 0.230924 0.898914
vn 0.687977 0.230964 0.687999
vn 0.658215 0.365394 0.658210
vn 0.356234 0.365402 0.859988
vn 0.364184 0.307168 0.879214
vn 0.672919 0.307229 0.672897
vn 0.645044 0.409654 0.645060
vn 0.349095 0.409683 0.842788
vn 0.356234 0.365402 0.859988
vn 0.658215 0.365394 0.658210
vn 0.634037 0.442699 0.634047
vn 0.343129 0.442722 0.828408
vn 0.349095 0.409683 0.842788
vn 0.645044 0.409654 0.645060
vn 0.625485 0.466399 0.625492
vn 0.338526 0.466354 0.817260
vn 0.343129 0.442722 0.828408
vn 0.634037 0.442699 0.634047
vn 0.619448 0.482268 0.619437
vn 0.335247 0.482294 0.809322
vn 0.338526 0.466354 0.817260
vn 0.625485 0.466399 0.625492
vn 0.615990 0.491034 0.615989
vn 0.333371 0.491024 0.804835
vn 0.335247 0.482294 0.809322
vn 0.619448 0.482268 0.619437
vn 0.615261 0.492872 0.615249
vn 0.332995 0.492803 0.803903
vn 0.333371 0.491024 0.804835
vn 0.615990 0.491034 0.615989
vn 0.617420 0.487473 0.617384
vn 0.334168 0.487480 0.806657
vn 0.332995 0.492803 0.803903
vn 0.615261 0.492872 0.615249
vn 0.622712 0.473801 0.622690
vn 0.337027 0.473817 0.813579
vn 0.334168 0.487480 0.806657
vn 0.617420 0.487473 0.617384
vn 0.631432 0.450086 0.631440
vn 0.341734 0.450106 0.824998
vn 0.337027 0.473817 0.813579
vn 0.622712 0.473801 0.622690
vn 0.643968 0.412996 0.644003
vn 0.348539 0.412978 0.841409
vn 0.341734 0.450106 0.824998
vn 0.631432 0.450086 0.631440
vn 0.660443 0.357266 0.660437
vn 0.357460 0.357240 0.862903
vn 0.348539 0.412978 0.841409
vn 0.643968 0.412996 0.644003
vn 0.680061 0.274092 0.679993
vn 0.368026 0.274189 0.888469
vn 0.357460 0.357240 0.862903
vn 0.660443 0.357266 0.660437
vn 0.699143 0.149906 0.699090
vn 0.378329 0.149964 0.913443
vn 0.368026 0.274189 0.888469
vn 0.680061 0.274092 0.679993
vn 0.706654 0.035360 0.706675
vn 0.382466 0.035295 0.923295
vn 0.378329 0.149964 0.913443
vn 0.699143 0.149906 0.699090
vn 0.707069 -0.004613 0.707130
vn 0.382758 -0.004634 0.923837
vn 0.382466 0.035295 0.923295
vn 0.706654 0.035360 0.706675
vn 0.922957 0.044540 0.382316
vn 0.706396 0.044584 0.706411
vn 0.706746 -0.032013 0.706742
vn 0.923393 -0.031967 0.382522
vn 0.915744 0.132387 0.379323
vn 0.700858 0.132407 0.700904
vn 0.706396 0.044584 0.706411
vn 0.922957 0.044540 0.382316
vn 0.898888 0.231015 0.372335
vn 0.687977 0.230964 0.687999
vn 0.700858 0.132407 0.700904
vn 0.915744 0.132387 0.379323
vn 0.879204 0.307204 0.364179
vn 0.672919 0.307229 0.672897
vn 0.687977 0.230964 0.687999
vn 0.898888 0.231015 0.372335
vn 0.859996 0.365370 0.356247
vn 0.658215 0.365394 0.658210
vn 0.672919 0.307229 0.672897
vn 0.879204 0.307204 0.364179
vn 0.842770 0.409696 0.349125
vn 0.645044 0.409654 0.645060
vn 0.658215 0.365394 0.658210
vn 0.859996 0.365370 0.356247
vn 0.828417 0.442684 0.343157
vn 0.634037 0.442699 0.634047
vn 0.645044 0.409654 0.645060
vn 0.842770 0.409696 0.349125
vn 0.817232 0.466420 0.338503
vn 0.625485 0.466399 0.625492
vn 0.634037 0.442699 0.634047
vn 0.828417 0.442684 0.343157
vn 0.809339 0.482280 0.335225
vn 0.619448 0.482268 0.619437
vn 0.625485 0.466399 0.625492
vn 0.817232 0.466420 0.338503
vn 0.804843 0.491027 0.333349
vn 0.615990 0.491034 0.615989
vn 0.619448 0.482268 0.619437
vn 0.809339 0.482280 0.335225
vn 0.803864 0.492899 0.332946
vn 0.615261 0.492872 0.615249
vn 0.615990 0.491034 0.615989
vn 0.804843 0.491027 0.333349
vn 0.806691 0.487447 0.334134
vn 0.617420 0.487473 0.617384
vn 0.615261 0.492872 0.615249
vn 0.803864 0.492899 0.332946
vn 0.813606 0.473777 0.337017
vn 0.622712 0.473801 0.622690
vn 0.617420 0.487473 0.617384
vn 0.806691 0.487447 0.334134
vn 0.825018 0.450051 0.341760
vn 0.631432 0.450086 0.631440
vn 0.622712 0.473801 0.622690
vn 0.813606 0.473777 0.337017
vn 0.841375 0.413059 0.348525
vn 0.643968 0.412996 0.644003
vn 0.631432 0.450086 0.631440
vn 0.825018 0.450051 0.341760
vn 0.862881 0.357356 0.357396
vn 0.660443 0.357266 0.660437
vn 0.643968 0.412996 0.644003
vn 0.841375 0.413059 0.348525
vn 0.888523 0.274075 0.367980
vn 0.680061 0.274092 0.679993
vn 0.660443 0.357266 0.660437
vn 0.862881 0.357356 0.357396
vn 0.913485 0.149808 0.378288
vn 0.699143 0.149906 0.699090
vn 0.680061 0.274092 0.679993
vn 0.888523 0.274075 0.367980
vn 0.923314 0.035271 0.382422
vn 0.706654 0.035360 0.706675
vn 0.699143 0.149906 0.699090
vn 0.913485 0.149808 0.378288
vn 0.923852 -0.004606 0.382722
vn 0.707069 -0.004613 0.707130
vn 0.706654 0.035360 0.706675
vn 0.923314 0.035271 0.382422
vn 0.999006 0.044575 0.000001
vn 0.922957 0.044540 0.382316
vn 0.923393 -0.031967 0.382522
vn 0.999490 -0.031936 0.000006
vn 0.991199 0.132383 -0.000004
vn 0.915744 0.132387 0.379323
vn 0.922957 0.044540 0.382316
vn 0.999006 0.044575 0.000001
vn 0.972954 0.230999 -0.000002
vn 0.898888 0.231015 0.372335
vn 0.915744 0.132387 0.379323
vn 0.991199 0.132383 -0.000004
vn 0.951667 0.307132 0.000007
vn 0.879204 0.307204 0.364179
vn 0.898888 0.231015 0.372335
vn 0.972954 0.230999 -0.000002
vn 0.930854 0.365390 0.000015
vn 0.859996 0.365370 0.356247
vn 0.879204 0.307204 0.364179
vn 0.951667 0.307132 0.000007
vn 0.912204 0.409737 0.000013
vn 0.842770 0.409696 0.349125
vn 0.859996 0.365370 0.356247
vn 0.930854 0.365390 0.000015
vn 0.896676 0.442688 0.000003
vn 0.828417 0.442684 0.343157
vn 0.842770 0.409696 0.349125
vn 0.912204 0.409737 0.000013
vn 0.884572 0.466404 -0.000010
vn 0.817232 0.466420 0.338503
vn 0.828417 0.442684 0.343157
vn 0.896676 0.442688 0.000003
vn 0.876003 0.482305 -0.000006
vn 0.809339 0.482280 0.335225
vn 0.817232 0.466420 0.338503
vn 0.884572 0.466404 -0.000010
vn 0.871135 0.491043 -0.000000
vn 0.804843 0.491027 0.333349
vn 0.809339 0.482280 0.335225
vn 0.876003 0.482305 -0.000006
vn 0.870110 0.492858 0.000017
vn 0.803864 0.492899 0.332946
vn 0.804843 0.491027 0.333349
vn 0.871135 0.491043 -0.000000
vn 0.873165 0.487424 0.000049
vn 0.806691 0.487447 0.334134
vn 0.803864 0.492899 0.332946
vn 0.870110 0.492858 0.000017
vn 0.880632 0.473801 0.000057
vn 0.813606 0.473777 0.337017
vn 0.806691 0.487447 0.334134
vn 0.873165 0.487424 0.000049
vn 0.892972 0.450112 0.000012
vn 0.825018 0.450051 0.341760
vn 0.813606 0.473777 0.337017
vn 0.880632 0.473801 0.000057
vn 0.910682 0.413108 -0.000051
vn 0.841375 0.413059 0.348525
vn 0.825018 0.450051 0.341760
vn 0.892972 0.450112 0.000012
vn 0.933985 0.357312 -0.000023
vn 0.862881 0.357356 0.357396
vn 0.841375 0.413059 0.348525
vn 0.910682 0.413108 -0.000051
vn 0.961732 0.273991 0.000057
vn 0.888523 0.274075 0.367980
vn 0.862881 0.357356 0.357396
vn 0.933985 0.357312 -0.000023
vn 0.988710 0.149840 0.000047
vn 0.913485 0.149808 0.378288
vn 0.888523 0.274075 0.367980
vn 0.961732 0.273991 0.000057
vn 0.999377 0.035298 -0.000039
vn 0.923314 0.035271 0.382422
vn 0.913485 0.149808 0.378288
vn 0.988710 0.149840 0.000047
vn 0.999989 -0.004606 -0.000082
vn 0.923852 -0.004606 0.382722
vn 0.923314 0.035271 0.382422
vn 0.999377 0.035298 -0.000039
vn 0.922956 0.044584 -0.382314
vn 0.999006 0.044575 0.000001
vn 0.999490 -0.031936 0.000006
vn 0.923400 -0.031983 -0.382504
vn 0.915732 0.132435 -0.379335
vn 0.991199 0.132383 -0.000004
vn 0.999006 0.044575 0.000001
vn 0.922956 0.044584 -0.382314
vn 0.898891 0.230952 -0.372366
vn 0.972954 0.230999 -0.000002
vn 0.991199 0.132383 -0.000004
vn 0.915732 0.132435 -0.379335
vn 0.879237 0.307071 -0.364210
vn 0.951667 0.307132 0.000007
vn 0.972954 0.230999 -0.000002
vn 0.898891 0.230952 -0.372366
vn 0.859977 0.365437 -0.356224
vn 0.930854 0.365390 0.000015
vn 0.951667 0.307132 0.000007
vn 0.879237 0.307071 -0.364210
vn 0.842761 0.409738 -0.349096
vn 0.912204 0.409737 0.000013
vn 0.930854 0.365390 0.000015
vn 0.859977 0.365437 -0.356224
vn 0.828426 0.442671 -0.343151
vn 0.896676 0.442688 0.000003
vn 0.912204 0.409737 0.000013
vn 0.842761 0.409738 -0.349096
vn 0.817238 0.466401 -0.338514
vn 0.884572 0.466404 -0.000010
vn 0.896676 0.442688 0.000003
vn 0.828426 0.442671 -0.343151
vn 0.809316 0.482308 -0.335240
vn 0.876003 0.482305 -0.000006
vn 0.884572 0.466404 -0.000010
vn 0.817238 0.466401 -0.338514
vn 0.804811 0.491061 -0.333374
vn 0.871135 0.491043 -0.000000
vn 0.876003 0.482305 -0.000006
vn 0.809316 0.482308 -0.335240
vn 0.803886 0.492841 -0.332980
vn 0.870110 0.492858 0.000017
vn 0.871135 0.491043 -0.000000
vn 0.804811 0.491061 -0.333374
vn 0.806691 0.487445 -0.334137
vn 0.873165 0.487424 0.000049
vn 0.870110 0.492858 0.000017
vn 0.803886 0.492841 -0.332980
vn 0.813563 0.473854 -0.337012
vn 0.880632 0.473801 0.000057
vn 0.873165 0.487424 0.000049
vn 0.806691 0.487445 -0.334137
vn 0.824971 0.450134 -0.341764
vn 0.892972 0.450112 0.000012
vn 0.880632 0.473801 0.000057
vn 0.813563 0.473854 -0.337012
vn 0.841370 0.413070 -0.348525
vn 0.910682 0.413108 -0.000051
vn 0.892972 0.450112 0.000012
vn 0.824971 0.450134 -0.341764
vn 0.862925 0.357257 -0.357390
vn 0.933985 0.357312 -0.000023
vn 0.910682 0.413108 -0.000051
vn 0.841370 0.413070 -0.348525
vn 0.888577 0.273897 -0.367984
vn 0.961732 0.273991 0.000057
vn 0.933985 0.357312 -0.000023
vn 0.862925 0.357257 -0.357390
vn 0.913451 0.149998 -0.378296
vn 0.988710 0.149840 0.000047
vn 0.961732 0.273991 0.000057
vn 0.888577 0.273897 -0.367984
vn 0.923301 0.035529 -0.382430
vn 0.999377 0.035298 -0.000039
vn 0.988710 0.149840 0.000047
vn 0.913451 0.149998 -0.378296
vn 0.923859 -0.004608 -0.382705
vn 0.999989 -0.004606 -0.000082
vn 0.999377 0.035298 -0.000039
vn 0.923301 0.035529 -0.382430
vn 0.706399 0.044673 -0.706403
vn 0.922956 0.044584 -0.382314
vn 0.923400 -0.031983 -0.382504
vn 0.706755 -0.032041 -0.706733
vn 0.700855 0.132483 -0.700893
vn 0.915732 0.132435 -0.379335
vn 0.922956 0.044584 -0.382314
vn 0.706399 0.044673 -0.706403
vn 0.688001 0.230834 -0.688019
vn 0.898891 0.230952 -0.372366
vn 0.915732 0.132435 -0.379335
vn 0.700855 0.132483 -0.700893
vn 0.672952 0.307031 -0.672954
vn 0.879237 0.307071 -0.364210
vn 0.898891 0.230952 -0.372366
vn 0.688001 0.230834 -0.688019
vn 0.658177 0.365483 -0.658198
vn 0.859977 0.365437 -0.356224
vn 0.879237 0.307071 -0.364210
vn 0.672952 0.307031 -0.672954
vn 0.645027 0.409712 -0.645039
vn 0.842761 0.409738 -0.349096
vn 0.859977 0.365437 -0.356224
vn 0.658177 0.365483 -0.658198
vn 0.634069 0.442639 -0.634056
vn 0.828426 0.442671 -0.343151
vn 0.842761 0.409738 -0.349096
vn 0.645027 0.409712 -0.645039
vn 0.625482 0.466426 -0.625475
vn 0.817238 0.466401 -0.338514
vn 0.828426 0.442671 -0.343151
vn 0.634069 0.442639 -0.634056
vn 0.619418 0.482311 -0.619433
vn 0.809316 0.482308 -0.335240
vn 0.817238 0.466401 -0.338514
vn 0.625482 0.466426 -0.625475
vn 0.615964 0.491062 -0.615992
vn 0.804811 0.491061 -0.333374
vn 0.809316 0.482308 -0.335240
vn 0.619418 0.482311 -0.619433
vn 0.615248 0.492849 -0.615281
vn 0.803886 0.492841 -0.332980
vn 0.804811 0.491061 -0.333374
vn 0.615964 0.491062 -0.615992
vn 0.617388 0.487455 -0.617430
vn 0.806691 0.487445 -0.334137
vn 0.803886 0.492841 -0.332980
vn 0.615248 0.492849 -0.615281
vn 0.622659 0.473855 -0.622702
vn 0.813563 0.473854 -0.337012
vn 0.806691 0.487445 -0.334137
vn 0.617388 0.487455 -0.617430
vn 0.631427 0.450104 -0.631432
vn 0.824971 0.450134 -0.341764
vn 0.813563 0.473854 -0.337012
vn 0.622659 0.473855 -0.622702
vn 0.643959 0.413096 -0.643947
vn 0.841370 0.413070 -0.348525
vn 0.824971 0.450134 -0.341764
vn 0.631427 0.450104 -0.631432
vn 0.660432 0.357220 -0.660472
vn 0.862925 0.357257 -0.357390
vn 0.841370 0.413070 -0.348525
vn 0.643959 0.413096 -0.643947
vn 0.680044 0.273807 -0.680125
vn 0.888577 0.273897 -0.367984
vn 0.862925 0.357257 -0.357390
vn 0.660432 0.357220 -0.660472
vn 0.699112 0.149975 -0.699107
vn 0.913451 0.149998 -0.378296
vn 0.888577 0.273897 -0.367984
vn 0.680044 0.273807 -0.680125
vn 0.706741 0.035531 -0.706580
vn 0.923301 0.035529 -0.382430
vn 0.913451 0.149998 -0.378296
vn 0.699112 0.149975 -0.699107
vn 0.707212 -0.004596 -0.706987
vn 0.923859 -0.004608 -0.382705
vn 0.923301 0.035529 -0.382430
vn 0.706741 0.035531 -0.706580
vn 0.382320 0.044728 -0.922947
vn 0.706399 0.044673 -0.706403
vn 0.706755 -0.032041 -0.706733
vn 0.382501 -0.032078 -0.923398
vn 0.379318 0.132507 -0.915729
vn 0.700855 0.132483 -0.700893
vn 0.706399 0.044673 -0.706403
vn 0.382320 0.044728 -0.922947
vn 0.372357 0.230770 -0.898941
vn 0.688001 0.230834 -0.688019
vn 0.700855 0.132483 -0.700893
vn 0.379318 0.132507 -0.915729
vn 0.364202 0.307026 -0.879256
vn 0.672952 0.307031 -0.672954
vn 0.688001 0.230834 -0.688019
vn 0.372357 0.230770 -0.898941
vn 0.356209 0.365503 -0.859955
vn 0.658177 0.365483 -0.658198
vn 0.672952 0.307031 -0.672954
vn 0.364202 0.307026 -0.879256
vn 0.349098 0.409692 -0.842783
vn 0.645027 0.409712 -0.645039
vn 0.658177 0.365483 -0.658198
vn 0.356209 0.365503 -0.859955
vn 0.343151 0.442627 -0.828450
vn 0.634069 0.442639 -0.634056
vn 0.645027 0.409712 -0.645039
vn 0.349098 0.409692 -0.842783
vn 0.338492 0.466443 -0.817223
vn 0.625482 0.466426 -0.625475
vn 0.634069 0.442639 -0.634056
vn 0.343151 0.442627 -0.828450
vn 0.335221 0.482324 -0.809314
vn 0.619418 0.482311 -0.619433
vn 0.625482 0.466426 -0.625475
vn 0.338492 0.466443 -0.817223
vn 0.333366 0.491070 -0.804809
vn 0.615964 0.491062 -0.615992
vn 0.619418 0.482311 -0.619433
vn 0.335221 0.482324 -0.809314
vn 0.332983 0.492858 -0.803874
vn 0.615248 0.492849 -0.615281
vn 0.615964 0.491062 -0.615992
vn 0.333366 0.491070 -0.804809
vn 0.334142 0.487473 -0.806672
vn 0.617388 0.487455 -0.617430
vn 0.615248 0.492849 -0.615281
vn 0.332983 0.492858 -0.803874
vn 0.337020 0.473840 -0.813568
vn 0.622659 0.473855 -0.622702
vn 0.617388 0.487455 -0.617430
vn 0.334142 0.487473 -0.806672
vn 0.341749 0.450110 -0.824990
vn 0.631427 0.450104 -0.631432
vn 0.622659 0.473855 -0.622702
vn 0.337020 0.473840 -0.813568
vn 0.348502 0.413104 -0.841363
vn 0.643959 0.413096 -0.643947
vn 0.631427 0.450104 -0.631432
vn 0.341749 0.450110 -0.824990
vn 0.357506 0.357138 -0.862926
vn 0.660432 0.357220 -0.660472
vn 0.643959 0.413096 -0.643947
vn 0.348502 0.413104 -0.841363
vn 0.368188 0.273818 -0.888517
vn 0.680044 0.273807 -0.680125
vn 0.660432 0.357220 -0.660472
vn 0.357506 0.357138 -0.862926
vn 0.378479 0.149906 -0.913390
vn 0.699112 0.149975 -0.699107
vn 0.680044 0.273807 -0.680125
vn 0.368188 0.273818 -0.888517
vn 0.382510 0.035408 -0.923273
vn 0.706741 0.035531 -0.706580
vn 0.699112 0.149975 -0.699107
vn 0.378479 0.149906 -0.913390
vn 0.382710 -0.004561 -0.923857
vn 0.707212 -0.004596 -0.706987
vn 0.706741 0.035531 -0.706580
vn 0.382510 0.035408 -0.923273
vn 0.000015 0.044707 -0.999000
vn 0.382320 0.044728 -0.922947
vn 0.382501 -0.032078 -0.923398
vn 0.000004 -0.032122 -0.999484
vn 0.000016 0.132563 -0.991175
vn 0.379318 0.132507 -0.915729
vn 0.382320 0.044728 -0.922947
vn 0.000015 0.044707 -0.999000
vn 0.000005 0.230777 -0.973007
vn 0.372357 0.230770 -0.898941
vn 0.379318 0.132507 -0.915729
vn 0.000016 0.132563 -0.991175
vn 0.000010 0.307003 -0.951709
vn 0.364202 0.307026 -0.879256
vn 0.372357 0.230770 -0.898941
vn 0.000005 0.230777 -0.973007
vn 0.000030 0.365487 -0.930817
vn 0.356209 0.365503 -0.859955
vn 0.364202 0.307026 -0.879256
vn 0.000010 0.307003 -0.951709
vn 0.000021 0.409704 -0.912219
vn 0.349098 0.409692 -0.842783
vn 0.356209 0.365503 -0.859955
vn 0.000030 0.365487 -0.930817
vn -0.000016 0.442661 -0.896689
vn 0.343151 0.442627 -0.828450
vn 0.349098 0.409692 -0.842783
vn 0.000021 0.409704 -0.912219
vn -0.000026 0.466420 -0.884563
vn 0.338492 0.466443 -0.817223
vn 0.343151 0.442627 -0.828450
vn -0.000016 0.442661 -0.896689
vn -0.000006 0.482296 -0.876008
vn 0.335221 0.482324 -0.809314
vn 0.338492 0.466443 -0.817223
vn -0.000026 0.466420 -0.884563
vn 0.000010 0.491078 -0.871116
vn 0.333366 0.491070 -0.804809
vn 0.335221 0.482324 -0.809314
vn -0.000006 0.482296 -0.876008
vn 0.000007 0.492855 -0.870112
vn 0.332983 0.492858 -0.803874
vn 0.333366 0.491070 -0.804809
vn 0.000010 0.491078 -0.871116
vn -0.000005 0.487489 -0.873129
vn 0.334142 0.487473 -0.806672
vn 0.332983 0.492858 -0.803874
vn 0.000007 0.492855 -0.870112
vn 0.000002 0.473839 -0.880612
vn 0.337020 0.473840 -0.813568
vn 0.334142 0.487473 -0.806672
vn -0.000005 0.487489 -0.873129
vn 0.000038 0.450095 -0.892981
vn 0.341749 0.450110 -0.824990
vn 0.337020 0.473840 -0.813568
vn 0.000002 0.473839 -0.880612
vn 0.000052 0.413085 -0.910692
vn 0.348502 0.413104 -0.841363
vn 0.341749 0.450110 -0.824990
vn 0.000038 0.450095 -0.892981
vn 0.000045 0.357113 -0.934061
vn 0.357506 0.357138 -0.862926
vn 0.348502 0.413104 -0.841363
vn 0.000052 0.413085 -0.910692
vn 0.000071 0.273836 -0.961776
vn 0.368188 0.273818 -0.888517
vn 0.357506 0.357138 -0.862926
vn 0.000045 0.357113 -0.934061
vn 0.000028 0.150027 -0.988682
vn 0.378479 0.149906 -0.913390
vn 0.368188 0.273818 -0.888517
vn 0.000071 0.273836 -0.961776
vn -0.000090 0.035508 -0.999369
vn 0.382510 0.035408 -0.923273
vn 0.378479 0.149906 -0.913390
vn 0.000028 0.150027 -0.988682
vn -0.000143 -0.004551 -0.999990
vn 0.382710 -0.004561 -0.923857
vn 0.382510 0.035408 -0.923273
vn -0.000090 0.035508 -0.999369
vn -0.382315 0.044679 -0.922951
vn 0.000015 0.044707 -0.999000
vn 0.000004 -0.032122 -0.999484
vn -0.382489 -0.032113 -0.923402
vn -0.379303 0.132563 -0.915727
vn 0.000016 0.132563 -0.991175
vn 0.000015 0.044707 -0.999000
vn -0.382315 0.044679 -0.922951
vn -0.372332 0.230795 -0.898945
vn 0.000005 0.230777 -0.973007
vn 0.000016 0.132563 -0.991175
vn -0.379303 0.132563 -0.915727
vn -0.364182 0.306975 -0.879282
vn 0.000010 0.307003 -0.951709
vn 0.000005 0.230777 -0.973007
vn -0.372332 0.230795 -0.898945
vn -0.356180 0.365491 -0.859972
vn 0.000030 0.365487 -0.930817
vn 0.000010 0.307003 -0.951709
vn -0.364182 0.306975 -0.879282
vn -0.349078 0.409759 -0.842759
vn 0.000021 0.409704 -0.912219
vn 0.000030 0.365487 -0.930817
vn -0.356180 0.365491 -0.859972
vn -0.343164 0.442658 -0.828428
vn -0.000016 0.442661 -0.896689
vn 0.000021 0.409704 -0.912219
vn -0.349078 0.409759 -0.842759
vn -0.338511 0.466392 -0.817244
vn -0.000026 0.466420 -0.884563
vn -0.000016 0.442661 -0.896689
vn -0.343164 0.442658 -0.828428
vn -0.335234 0.482296 -0.809326
vn -0.000006 0.482296 -0.876008
vn -0.000026 0.466420 -0.884563
vn -0.338511 0.466392 -0.817244
vn -0.333374 0.491103 -0.804785
vn 0.000010 0.491078 -0.871116
vn -0.000006 0.482296 -0.876008
vn -0.335234 0.482296 -0.809326
vn -0.333008 0.492860 -0.803862
vn 0.000007 0.492855 -0.870112
vn 0.000010 0.491078 -0.871116
vn -0.333374 0.491103 -0.804785
vn -0.334164 0.487481 -0.806658
vn -0.000005 0.487489 -0.873129
vn 0.000007 0.492855 -0.870112
vn -0.333008 0.492860 -0.803862
vn -0.336999 0.473849 -0.813572
vn 0.000002 0.473839 -0.880612
vn -0.000005 0.487489 -0.873129
vn -0.334164 0.487481 -0.806658
vn -0.341711 0.450040 -0.825044
vn 0.000038 0.450095 -0.892981
vn 0.000002 0.473839 -0.880612
vn -0.336999 0.473849 -0.813572
vn -0.348480 0.413140 -0.841354
vn 0.000052 0.413085 -0.910692
vn 0.000038 0.450095 -0.892981
vn -0.341711 0.450040 -0.825044
vn -0.357496 0.357135 -0.862932
vn 0.000045 0.357113 -0.934061
vn 0.000052 0.413085 -0.910692
vn -0.348480 0.413140 -0.841354
vn -0.368108 0.273764 -0.888566
vn 0.000071 0.273836 -0.961776
vn 0.000045 0.357113 -0.934061
vn -0.357496 0.357135 -0.862932
vn -0.378397 0.150173 -0.913381
vn 0.000028 0.150027 -0.988682
vn 0.000071 0.273836 -0.961776
vn -0.368108 0.273764 -0.888566
vn -0.382546 0.035641 -0.923249
vn -0.000090 0.035508 -0.999369
vn 0.000028 0.150027 -0.988682
vn -0.378397 0.150173 -0.913381
vn -0.382789 -0.004567 -0.923825
vn -0.000143 -0.004551 -0.999990
vn -0.000090 0.035508 -0.999369
vn -0.382546 0.035641 -0.923249
vn -0.706406 0.044641 -0.706398
vn -0.382315 0.044679 -0.922951
vn -0.382489 -0.032113 -0.923402
vn -0.706742 -0.032030 -0.706746
vn -0.700874 0.132484 -0.700873
vn -0.379303 0.132563 -0.915727
vn -0.382315 0.044679 -0.922951
vn -0.706406 0.044641 -0.706398
vn -0.688004 0.230825 -0.688019
vn -0.372332 0.230795 -0.898945
vn -0.379303 0.132563 -0.915727
vn -0.700874 0.132484 -0.700873
vn -0.672961 0.306981 -0.672968
vn -0.364182 0.306975 -0.879282
vn -0.372332 0.230795 -0.898945
vn -0.688004 0.230825 -0.688019
vn -0.658185 0.365497 -0.658182
vn -0.356180 0.365491 -0.859972
vn -0.364182 0.306975 -0.879282
vn -0.672961 0.306981 -0.672968
vn -0.645009 0.409799 -0.645003
vn -0.349078 0.409759 -0.842759
vn -0.356180 0.365491 -0.859972
vn -0.658185 0.365497 -0.658182
vn -0.634071 0.442632 -0.634059
vn -0.343164 0.442658 -0.828428
vn -0.349078 0.409759 -0.842759
vn -0.645009 0.409799 -0.645003
vn -0.625498 0.466393 -0.625484
vn -0.338511 0.466392 -0.817244
vn -0.343164 0.442658 -0.828428
vn -0.634071 0.442632 -0.634059
vn -0.619443 0.482312 -0.619407
vn -0.335234 0.482296 -0.809326
vn -0.338511 0.466392 -0.817244
vn -0.625498 0.466393 -0.625484
vn -0.615992 0.491096 -0.615937
vn -0.333374 0.491103 -0.804785
vn -0.335234 0.482296 -0.809326
vn -0.619443 0.482312 -0.619407
vn -0.615276 0.492875 -0.615232
vn -0.333008 0.492860 -0.803862
vn -0.333374 0.491103 -0.804785
vn -0.615992 0.491096 -0.615937
vn -0.617419 0.487422 -0.617425
vn -0.334164 0.487481 -0.806658
vn -0.333008 0.492860 -0.803862
vn -0.615276 0.492875 -0.615232
vn -0.622646 0.473830 -0.622734
vn -0.336999 0.473849 -0.813572
vn -0.334164 0.487481 -0.806658
vn -0.617419 0.487422 -0.617425
vn -0.631409 0.450046 -0.631492
vn -0.341711 0.450040 -0.825044
vn -0.336999 0.473849 -0.813572
vn -0.622646 0.473830 -0.622734
vn -0.643899 0.413129 -0.643987
vn -0.348480 0.413140 -0.841354
vn -0.341711 0.450040 -0.825044
vn -0.631409 0.450046 -0.631492
vn -0.660388 0.357163 -0.660547
vn -0.357496 0.357135 -0.862932
vn -0.348480 0.413140 -0.841354
vn -0.643899 0.413129 -0.643987
vn -0.680039 0.273806 -0.680130
vn -0.368108 0.273764 -0.888566
vn -0.357496 0.357135 -0.862932
vn -0.660388 0.357163 -0.660547
vn -0.699069 0.150127 -0.699117
vn -0.378397 0.150173 -0.913381
vn -0.368108 0.273764 -0.888566
vn -0.680039 0.273806 -0.680130
vn -0.706594 0.035568 -0.706724
vn -0.382546 0.035641 -0.923249
vn -0.378397 0.150173 -0.913381
vn -0.699069 0.150127 -0.699117
vn -0.707018 -0.004565 -0.707181
vn -0.382789 -0.004567 -0.923825
vn -0.382546 0.035641 -0.923249
vn -0.706594 0.035568 -0.706724
vn -0.922954 0.044654 -0.382312
vn -0.706406 0.044641 -0.706398
vn -0.706742 -0.032030 -0.706746
vn -0.923403 -0.031981 -0.382498
vn -0.915739 0.132444 -0.379316
vn -0.700874 0.132484 -0.700873
vn -0.706406 0.044641 -0.706398
vn -0.922954 0.044654 -0.382312
vn -0.898927 0.230829 -0.372355
vn -0.688004 0.230825 -0.688019
vn -0.700874 0.132484 -0.700873
vn -0.915739 0.132444 -0.379316
vn -0.879245 0.307058 -0.364202
vn -0.672961 0.306981 -0.672968
vn -0.688004 0.230825 -0.688019
vn -0.898927 0.230829 -0.372355
vn -0.859967 0.365488 -0.356196
vn -0.658185 0.365497 -0.658182
vn -0.672961 0.306981 -0.672968
vn -0.879245 0.307058 -0.364202
vn -0.842762 0.409755 -0.349075
vn -0.645009 0.409799 -0.645003
vn -0.658185 0.365497 -0.658182
vn -0.859967 0.365488 -0.356196
vn -0.828433 0.442660 -0.343148
vn -0.634071 0.442632 -0.634059
vn -0.645009 0.409799 -0.645003
vn -0.842762 0.409755 -0.349075
vn -0.817245 0.466407 -0.338490
vn -0.625498 0.466393 -0.625484
vn -0.634071 0.442632 -0.634059
vn -0.828433 0.442660 -0.343148
vn -0.809331 0.482300 -0.335216
vn -0.619443 0.482312 -0.619407
vn -0.625498 0.466393 -0.625484
vn -0.817245 0.466407 -0.338490
vn -0.804803 0.491081 -0.333365
vn -0.615992 0.491096 -0.615937
vn -0.619443 0.482312 -0.619407
vn -0.809331 0.482300 -0.335216
vn -0.803851 0.492905 -0.332969
vn -0.615276 0.492875 -0.615232
vn -0.615992 0.491096 -0.615937
vn -0.804803 0.491081 -0.333365
vn -0.806738 0.487354 -0.334157
vn -0.617419 0.487422 -0.617425
vn -0.615276 0.492875 -0.615232
vn -0.803851 0.492905 -0.332969
vn -0.813587 0.473805 -0.337024
vn -0.622646 0.473830 -0.622734
vn -0.617419 0.487422 -0.617425
vn -0.806738 0.487354 -0.334157
vn -0.824980 0.450137 -0.341738
vn -0.631409 0.450046 -0.631492
vn -0.622646 0.473830 -0.622734
vn -0.813587 0.473805 -0.337024
vn -0.841377 0.413066 -0.348512
vn -0.643899 0.413129 -0.643987
vn -0.631409 0.450046 -0.631492
vn -0.824980 0.450137 -0.341738
vn -0.862922 0.357211 -0.357443
vn -0.660388 0.357163 -0.660547
vn -0.643899 0.413129 -0.643987
vn -0.841377 0.413066 -0.348512
vn -0.888537 0.273968 -0.368028
vn -0.680039 0.273806 -0.680130
vn -0.660388 0.357163 -0.660547
vn -0.862922 0.357211 -0.357443
vn -0.913423 0.149971 -0.378373
vn -0.699069 0.150127 -0.699117
vn -0.680039 0.273806 -0.680130
vn -0.888537 0.273968 -0.368028
vn -0.923261 0.035401 -0.382540
vn -0.706594 0.035568 -0.706724
vn -0.699069 0.150127 -0.699117
vn -0.913423 0.149971 -0.378373
vn -0.923819 -0.004558 -0.382801
vn -0.707018 -0.004565 -0.707181
vn -0.706594 0.035568 -0.706724
vn -0.923261 0.035401 -0.382540
vn -0.999003 0.044642 -0.000011
vn -0.922954 0.044654 -0.382312
vn -0.923403 -0.031981 -0.382498
vn -0.999488 -0.031993 0.000002
vn -0.991187 0.132474 -0.000006
vn -0.915739 0.132444 -0.379316
vn -0.922954 0.044654 -0.382312
vn -0.999003 0.044642 -0.000011
vn -0.972984 0.230872 0.000018
vn -0.898927 0.230829 -0.372355
vn -0.915739 0.132444 -0.379316
vn -0.991187 0.132474 -0.000006
vn -0.951669 0.307124 0.000027
vn -0.879245 0.307058 -0.364202
vn -0.898927 0.230829 -0.372355
vn -0.972984 0.230872 0.000018
vn -0.930823 0.365470 0.000015
vn -0.859967 0.365488 -0.356196
vn -0.879245 0.307058 -0.364202
vn -0.951669 0.307124 0.000027
vn -0.912210 0.409723 0.000015
vn -0.842762 0.409755 -0.349075
vn -0.859967 0.365488 -0.356196
vn -0.930823 0.365470 0.000015
vn -0.896677 0.442685 0.000015
vn -0.828433 0.442660 -0.343148
vn -0.842762 0.409755 -0.349075
vn -0.912210 0.409723 0.000015
vn -0.884571 0.466406 0.000010
vn -0.817245 0.466407 -0.338490
vn -0.828433 0.442660 -0.343148
vn -0.896677 0.442685 0.000015
vn -0.876025 0.482266 0.000010
vn -0.809331 0.482300 -0.335216
vn -0.817245 0.466407 -0.338490
vn -0.884571 0.466406 0.000010
vn -0.871128 0.491055 -0.000001
vn -0.804803 0.491081 -0.333365
vn -0.809331 0.482300 -0.335216
vn -0.876025 0.482266 0.000010
vn -0.870089 0.492895 -0.000018
vn -0.803851 0.492905 -0.332969
vn -0.804803 0.491081 -0.333365
vn -0.871128 0.491055 -0.000001
vn -0.873203 0.487356 -0.000015
vn -0.806738 0.487354 -0.334157
vn -0.803851 0.492905 -0.332969
vn -0.870089 0.492895 -0.000018
vn -0.880622 0.473819 0.000029
vn -0.813587 0.473805 -0.337024
vn -0.806738 0.487354 -0.334157
vn -0.873203 0.487356 -0.000015
vn -0.892964 0.450128 0.000054
vn -0.824980 0.450137 -0.341738
vn -0.813587 0.473805 -0.337024
vn -0.880622 0.473819 0.000029
vn -0.910717 0.413032 0.000060
vn -0.841377 0.413066 -0.348512
vn -0.824980 0.450137 -0.341738
vn -0.892964 0.450128 0.000054
vn -0.934016 0.357232 0.000089
vn -0.862922 0.357211 -0.357443
vn -0.841377 0.413066 -0.348512
vn -0.910717 0.413032 0.000060
vn -0.961735 0.273983 0.000085
vn -0.888537 0.273968 -0.368028
vn -0.862922 0.357211 -0.357443
vn -0.934016 0.357232 0.000089
vn -0.988702 0.149893 0.000059
vn -0.913423 0.149971 -0.378373
vn -0.888537 0.273968 -0.368028
vn -0.961735 0.273983 0.000085
vn -0.999375 0.035338 0.000086
vn -0.923261 0.035401 -0.382540
vn -0.913423 0.149971 -0.378373
vn -0.988702 0.149893 0.000059
vn -0.999990 -0.004561 0.000112
vn -0.923819 -0.004558 -0.382801
vn -0.923261 0.035401 -0.382540
vn -0.999375 0.035338 0.000086
vn -0.922953 0.044638 0.382315
vn -0.999003 0.044642 -0.000011
vn -0.999488 -0.031993 0.000002
vn -0.923401 -0.031995 0.382502
vn -0.915730 0.132475 0.379327
vn -0.991187 0.132474 -0.000006
vn -0.999003 0.044642 -0.000011
vn -0.922953 0.044638 0.382315
vn -0.898897 0.230943 0.372357
vn -0.972984 0.230872 0.000018
vn -0.991187 0.132474 -0.000006
vn -0.915730 0.132475 0.379327
vn -0.879223 0.307125 0.364199
vn -0.951669 0.307124 0.000027
vn -0.972984 0.230872 0.000018
vn -0.898897 0.230943 0.372357
vn -0.859985 0.365425 0.356217
vn -0.930823 0.365470 0.000015
vn -0.951669 0.307124 0.000027
vn -0.879223 0.307125 0.364199
vn -0.842760 0.409751 0.349084
vn -0.912210 0.409723 0.000015
vn -0.930823 0.365470 0.000015
vn -0.859985 0.365425 0.356217
vn -0.828406 0.442707 0.343153
vn -0.896677 0.442685 0.000015
vn -0.912210 0.409723 0.000015
vn -0.842760 0.409751 0.349084
vn -0.817239 0.466384 0.338536
vn -0.884571 0.466406 0.000010
vn -0.896677 0.442685 0.000015
vn -0.828406 0.442707 0.343153
vn -0.809340 0.482256 0.335259
vn -0.876025 0.482266 0.000010
vn -0.884571 0.466406 0.000010
vn -0.817239 0.466384 0.338536
vn -0.804840 0.490999 0.333396
vn -0.871128 0.491055 -0.000001
vn -0.876025 0.482266 0.000010
vn -0.809340 0.482256 0.335259
vn -0.803901 0.492824 0.332968
vn -0.870089 0.492895 -0.000018
vn -0.871128 0.491055 -0.000001
vn -0.804840 0.490999 0.333396
vn -0.806717 0.487431 0.334094
vn -0.873203 0.487356 -0.000015
vn -0.870089 0.492895 -0.000018
vn -0.803901 0.492824 0.332968
vn -0.813582 0.473865 0.336952
vn -0.880622 0.473819 0.000029
vn -0.873203 0.487356 -0.000015
vn -0.806717 0.487431 0.334094
vn -0.825018 0.450102 0.341692
vn -0.892964 0.450128 0.000054
vn -0.880622 0.473819 0.000029
vn -0.813582 0.473865 0.336952
vn -0.841404 0.413040 0.348480
vn -0.910717 0.413032 0.000060
vn -0.892964 0.450128 0.000054
vn -0.825018 0.450102 0.341692
vn -0.862917 0.357272 0.357395
vn -0.934016 0.357232 0.000089
vn -0.910717 0.413032 0.000060
vn -0.841404 0.413040 0.348480
vn -0.888537 0.273989 0.368011
vn -0.961735 0.273983 0.000085
vn -0.934016 0.357232 0.000089
vn -0.862917 0.357272 0.357395
vn -0.913447 0.149890 0.378348
vn -0.988702 0.149893 0.000059
vn -0.961735 0.273983 0.000085
vn -0.888537 0.273989 0.368011
vn -0.923298 0.035336 0.382456
vn -0.999375 0.035338 0.000086
vn -0.988702 0.149893 0.000059
vn -0.913447 0.149890 0.378348
vn -0.923859 -0.004560 0.382705
vn -0.999990 -0.004561 0.000112
vn -0.999375 0.035338 0.000086
vn -0.923298 0.035336 0.382456
vn -0.706403 0.044677 0.706398
vn -0.922953 0.044638 0.382315
vn -0.923401 -0.031995 0.382502
vn -0.706743 -0.032005 0.706746
vn -0.700888 0.132417 0.700872
vn -0.915730 0.132475 0.379327
vn -0.922953 0.044638 0.382315
vn -0.706403 0.044677 0.706398
vn -0.688006 0.230968 0.687969
vn -0.898897 0.230943 0.372357
vn -0.915730 0.132475 0.379327
vn -0.700888 0.132417 0.700872
vn -0.672947 0.307148 0.672905
vn -0.879223 0.307125 0.364199
vn -0.898897 0.230943 0.372357
vn -0.688006 0.230968 0.687969
vn -0.658218 0.365394 0.658206
vn -0.859985 0.365425 0.356217
vn -0.879223 0.307125 0.364199
vn -0.672947 0.307148 0.672905
vn -0.645029 0.409732 0.645025
vn -0.842760 0.409751 0.349084
vn -0.859985 0.365425 0.356217
vn -0.658218 0.365394 0.658206
vn -0.634030 0.442756 0.634013
vn -0.828406 0.442707 0.343153
vn -0.842760 0.409751 0.349084
vn -0.645029 0.409732 0.645025
vn -0.625494 0.466374 0.625502
vn -0.817239 0.466384 0.338536
vn -0.828406 0.442707 0.343153
vn -0.634030 0.442756 0.634013
vn -0.619438 0.482264 0.619450
vn -0.809340 0.482256 0.335259
vn -0.817239 0.466384 0.338536
vn -0.625494 0.466374 0.625502
vn -0.616006 0.490989 0.616008
vn -0.804840 0.490999 0.333396
vn -0.809340 0.482256 0.335259
vn -0.619438 0.482264 0.619450
vn -0.615289 0.492769 0.615304
vn -0.803901 0.492824 0.332968
vn -0.804840 0.490999 0.333396
vn -0.616006 0.490989 0.616008
vn -0.617410 0.487436 0.617422
vn -0.806717 0.487431 0.334094
vn -0.803901 0.492824 0.332968
vn -0.615289 0.492769 0.615304
vn -0.622713 0.473836 0.622662
vn -0.813582 0.473865 0.336952
vn -0.806717 0.487431 0.334094
vn -0.617410 0.487436 0.617422
vn -0.631480 0.450129 0.631362
vn -0.825018 0.450102 0.341692
vn -0.813582 0.473865 0.336952
vn -0.622713 0.473836 0.622662
vn -0.644004 0.413047 0.643934
vn -0.841404 0.413040 0.348480
vn -0.825018 0.450102 0.341692
vn -0.631480 0.450129 0.631362
vn -0.660423 0.357297 0.660439
vn -0.862917 0.357272 0.357395
vn -0.841404 0.413040 0.348480
vn -0.644004 0.413047 0.643934
vn -0.679986 0.274103 0.680063
vn -0.888537 0.273989 0.368011
vn -0.862917 0.357272 0.357395
vn -0.660423 0.357297 0.660439
vn -0.699104 0.149805 0.699151
vn -0.913447 0.149890 0.378348
vn -0.888537 0.273989 0.368011
vn -0.679986 0.274103 0.680063
vn -0.706703 0.035202 0.706634
vn -0.923298 0.035336 0.382456
vn -0.913447 0.149890 0.378348
vn -0.699104 0.149805 0.699151
vn -0.707161 -0.004554 0.707038
vn -0.923859 -0.004560 0.382705
vn -0.923298 0.035336 0.382456
vn -0.706703 0.035202 0.706634
vn -0.382311 0.044676 0.922953
vn -0.706403 0.044677 0.706398
vn -0.706743 -0.032005 0.706746
vn -0.382491 -0.032038 0.923404
vn -0.379323 0.132407 0.915742
vn -0.700888 0.132417 0.700872
vn -0.706403 0.044677 0.706398
vn -0.382311 0.044676 0.922953
vn -0.372340 0.231007 0.898887
vn -0.688006 0.230968 0.687969
vn -0.700888 0.132417 0.700872
vn -0.379323 0.132407 0.915742
vn -0.364195 0.307161 0.879212
vn -0.672947 0.307148 0.672905
vn -0.688006 0.230968 0.687969
vn -0.372340 0.231007 0.898887
vn -0.356239 0.365378 0.859996
vn -0.658218 0.365394 0.658206
vn -0.672947 0.307148 0.672905
vn -0.364195 0.307161 0.879212
vn -0.349097 0.409705 0.842777
vn -0.645029 0.409732 0.645025
vn -0.658218 0.365394 0.658206
vn -0.356239 0.365378 0.859996
vn -0.343145 0.442749 0.828387
vn -0.634030 0.442756 0.634013
vn -0.645029 0.409732 0.645025
vn -0.349097 0.409705 0.842777
vn -0.338545 0.466393 0.817230
vn -0.625494 0.466374 0.625502
vn -0.634030 0.442756 0.634013
vn -0.343145 0.442749 0.828387
vn -0.335265 0.482278 0.809324
vn -0.619438 0.482264 0.619450
vn -0.625494 0.466374 0.625502
vn -0.338545 0.466393 0.817230
vn -0.333399 0.490998 0.804839
vn -0.616006 0.490989 0.616008
vn -0.619438 0.482264 0.619450
vn -0.335265 0.482278 0.809324
vn -0.333010 0.492771 0.803916
vn -0.615289 0.492769 0.615304
vn -0.616006 0.490989 0.616008
vn -0.333399 0.490998 0.804839
vn -0.334149 0.487444 0.806686
vn -0.617410 0.487436 0.617422
vn -0.615289 0.492769 0.615304
vn -0.333010 0.492771 0.803916
vn -0.337007 0.473784 0.813606
vn -0.622713 0.473836 0.622662
vn -0.617410 0.487436 0.617422
vn -0.334149 0.487444 0.806686
vn -0.341735 0.450118 0.824992
vn -0.631480 0.450129 0.631362
vn -0.622713 0.473836 0.622662
vn -0.337007 0.473784 0.813606
vn -0.348537 0.413043 0.841378
vn -0.644004 0.413047 0.643934
vn -0.631480 0.450129 0.631362
vn -0.341735 0.450118 0.824992
vn -0.357429 0.357349 0.862871
vn -0.660423 0.357297 0.660439
vn -0.644004 0.413047 0.643934
vn -0.348537 0.413043 0.841378
vn -0.367991 0.274211 0.888477
vn -0.679986 0.274103 0.680063
vn -0.660423 0.357297 0.660439
vn -0.357429 0.357349 0.862871
vn -0.378308 0.149684 0.913498
vn -0.699104 0.149805 0.699151
vn -0.679986 0.274103 0.680063
vn -0.367991 0.274211 0.888477
vn -0.382416 0.035069 0.923324
vn -0.706703 0.035202 0.706634
vn -0.699104 0.149805 0.699151
vn -0.378308 0.149684 0.913498
vn -0.382690 -0.004576 0.923865
vn -0.707161 -0.004554 0.707038
vn -0.706703 0.035202 0.706634
vn -0.382416 0.035069 0.923324
vn -0.382491 -0.032038 0.923404
vn -0.376060 -0.185249 0.907889
vn -0.000000 -0.185239 0.982694
vn 0.000011 -0.032037 0.999487
vn 0.000011 -0.032037 0.999487
vn -0.000000 -0.185239 0.982694
vn 0.376063 -0.185204 0.907896
vn 0.382508 -0.032020 0.923397
vn 0.382508 -0.032020 0.923397
vn 0.376063 -0.185204 0.907896
vn 0.694877 -0.185127 0.694891
vn 0.706746 -0.032013 0.706742
vn 0.706746 -0.032013 0.706742
vn 0.694877 -0.185127 0.694891
vn 0.907893 -0.185148 0.376099
vn 0.923393 -0.031967 0.382522
vn 0.923393 -0.031967 0.382522
vn 0.907893 -0.185148 0.376099
vn 0.982701 -0.185200 0.000005
vn 0.999490 -0.031936 0.000006
vn 0.999490 -0.031936 0.000006
vn 0.982701 -0.185200 0.000005
vn 0.907889 -0.185190 -0.376088
vn 0.923400 -0.031983 -0.382504
vn 0.923400 -0.031983 -0.382504
vn 0.907889 -0.185190 -0.376088
vn 0.694883 -0.185176 -0.694872
vn 0.706755 -0.032041 -0.706733
vn 0.706755 -0.032041 -0.706733
vn 0.694883 -0.185176 -0.694872
vn 0.376084 -0.185117 -0.907906
vn 0.382501 -0.032078 -0.923398
vn 0.382501 -0.032078 -0.923398
vn 0.376084 -0.185117 -0.907906
vn -0.000003 -0.185098 -0.982720
vn 0.000004 -0.032122 -0.999484
vn 0.000004 -0.032122 -0.999484
vn -0.000003 -0.185098 -0.982720
vn -0.376057 -0.185132 -0.907914
vn -0.382489 -0.032113 -0.923402
vn -0.382489 -0.032113 -0.923402
vn -0.376057 -0.185132 -0.907914
vn -0.694871 -0.185141 -0.694893
vn -0.706742 -0.032030 -0.706746
vn -0.706742 -0.032030 -0.706746
vn -0.694871 -0.185141 -0.694893
vn -0.907900 -0.185167 -0.376072
vn -0.923403 -0.031981 -0.382498
vn -0.923403 -0.031981 -0.382498
vn -0.907900 -0.185167 -0.376072
vn -0.982713 -0.185136 -0.000008
vn -0.999488 -0.031993 0.000002
vn -0.999488 -0.031993 0.000002
vn -0.982713 -0.185136 -0.000008
vn -0.907901 -0.185123 0.376092
vn -0.923401 -0.031995 0.382502
vn -0.923401 -0.031995 0.382502
vn -0.907901 -0.185123 0.376092
vn -0.694853 -0.185215 0.694892
vn -0.706743 -0.032005 0.706746
vn -0.706743 -0.032005 0.706746
vn -0.694853 -0.185215 0.694892
vn -0.376060 -0.185249 0.907889
vn -0.382491 -0.032038 0.923404
vn -0.376060 -0.185249 0.907889
vn -0.346036 -0.427043 0.835400
vn 0.000000 -0.427064 0.904221
vn -0.000000 -0.185239 0.982694
vn -0.346036 -0.427043 0.835400
vn -0.279297 -0.683598 0.674304
vn 0.000009 -0.683629 0.729829
vn 0.000000 -0.427064 0.904221
vn -0.279297 -0.683598 0.674304
vn -0.182390 -0.879100 0.440361
vn 0.000010 -0.879097 0.476644
vn 0.000009 -0.683629 0.729829
vn -0.182390 -0.879100 0.440361
vn -0.083359 -0.975986 0.201255
vn 0.000004 -0.975985 0.217836
vn 0.000010 -0.879097 0.476644
vn -0.083359 -0.975986 0.201255
vn -0.018648 -0.998812 0.045018
vn 0.000009 -0.998812 0.048734
vn 0.000004 -0.975985 0.217836
vn -0.000000 -0.185239 0.982694
vn 0.000000 -0.427064 0.904221
vn 0.346014 -0.427118 0.835371
vn 0.376063 -0.185204 0.907896
vn 0.000000 -0.427064 0.904221
vn 0.000009 -0.683629 0.729829
vn 0.279295 -0.683667 0.674236
vn 0.346014 -0.427118 0.835371
vn 0.000009 -0.683629 0.729829
vn 0.000010 -0.879097 0.476644
vn 0.182434 -0.879084 0.440374
vn 0.279295 -0.683667 0.674236
vn 0.000010 -0.879097 0.476644
vn 0.000004 -0.975985 0.217836
vn 0.083374 -0.975982 0.201265
vn 0.182434 -0.879084 0.440374
vn 0.000004 -0.975985 0.217836
vn 0.000009 -0.998812 0.048734
vn 0.024848 -0.997889 0.059999
vn 0.083374 -0.975982 0.201265
vn 0.376063 -0.185204 0.907896
vn 0.346014 -0.427118 0.835371
vn 0.639343 -0.427175 0.639345
vn 0.694877 -0.185127 0.694891
vn 0.346014 -0.427118 0.835371
vn 0.279295 -0.683667 0.674236
vn 0.516031 -0.683693 0.516019
vn 0.639343 -0.427175 0.639345
vn 0.279295 -0.683667 0.674236
vn 0.182434 -0.879084 0.440374
vn 0.337067 -0.879079 0.337056
vn 0.516031 -0.683693 0.516019
vn 0.182434 -0.879084 0.440374
vn 0.083374 -0.975982 0.201265
vn 0.154065 -0.975977 0.154052
vn 0.337067 -0.879079 0.337056
vn 0.083374 -0.975982 0.201265
vn 0.024848 -0.997889 0.059999
vn 0.034454 -0.998812 0.034463
vn 0.154065 -0.975977 0.154052
vn 0.694877 -0.185127 0.694891
vn 0.639343 -0.427175 0.639345
vn 0.835325 -0.427215 0.346006
vn 0.907893 -0.185148 0.376099
vn 0.639343 -0.427175 0.639345
vn 0.516031 -0.683693 0.516019
vn 0.674213 -0.683701 0.279266
vn 0.835325 -0.427215 0.346006
vn 0.516031 -0.683693 0.516019
vn 0.337067 -0.879079 0.337056
vn 0.440360 -0.879097 0.182403
vn 0.674213 -0.683701 0.279266
vn 0.337067 -0.879079 0.337056
vn 0.154065 -0.975977 0.154052
vn 0.201294 -0.975976 0.083373
vn 0.440360 -0.879097 0.182403
vn 0.154065 -0.975977 0.154052
vn 0.034454 -0.998812 0.034463
vn 0.045019 -0.998812 0.018645
vn 0.201294 -0.975976 0.083373
vn 0.907893 -0.185148 0.376099
vn 0.835325 -0.427215 0.346006
vn 0.904151 -0.427213 0.000006
vn 0.982701 -0.185200 0.000005
vn 0.835325 -0.427215 0.346006
vn 0.674213 -0.683701 0.279266
vn 0.729760 -0.683703 0.000012
vn 0.904151 -0.427213 0.000006
vn 0.674213 -0.683701 0.279266
vn 0.440360 -0.879097 0.182403
vn 0.476615 -0.879112 0.000006
vn 0.729760 -0.683703 0.000012
vn 0.440360 -0.879097 0.182403
vn 0.201294 -0.975976 0.083373
vn 0.217877 -0.975976 -0.000002
vn 0.476615 -0.879112 0.000006
vn 0.201294 -0.975976 0.083373
vn 0.045019 -0.998812 0.018645
vn 0.048738 -0.998812 -0.000008
vn 0.217877 -0.975976 -0.000002
vn 0.982701 -0.185200 0.000005
vn 0.904151 -0.427213 0.000006
vn 0.835344 -0.427153 -0.346036
vn 0.907889 -0.185190 -0.376088
vn 0.904151 -0.427213 0.000006
vn 0.729760 -0.683703 0.000012
vn 0.674220 -0.683688 -0.279281
vn 0.835344 -0.427153 -0.346036
vn 0.729760 -0.683703 0.000012
vn 0.476615 -0.879112 0.000006
vn 0.440314 -0.879125 -0.182381
vn 0.674220 -0.683688 -0.279281
vn 0.476615 -0.879112 0.000006
vn 0.217877 -0.975976 -0.000002
vn 0.201292 -0.975976 -0.083375
vn 0.440314 -0.879125 -0.182381
vn 0.217877 -0.975976 -0.000002
vn 0.048738 -0.998812 -0.000008
vn 0.060015 -0.997888 -0.024858
vn 0.201292 -0.975976 -0.083375
vn 0.907889 -0.185190 -0.376088
vn 0.835344 -0.427153 -0.346036
vn 0.639366 -0.427116 -0.639361
vn 0.694883 -0.185176 -0.694872
vn 0.835344 -0.427153 -0.346036
vn 0.674220 -0.683688 -0.279281
vn 0.516031 -0.683676 -0.516042
vn 0.639366 -0.427116 -0.639361
vn 0.674220 -0.683688 -0.279281
vn 0.440314 -0.879125 -0.182381
vn 0.337026 -0.879105 -0.337029
vn 0.516031 -0.683676 -0.516042
vn 0.440314 -0.879125 -0.182381
vn 0.201292 -0.975976 -0.083375
vn 0.154066 -0.975977 -0.154051
vn 0.337026 -0.879105 -0.337029
vn 0.201292 -0.975976 -0.083375
vn 0.060015 -0.997888 -0.024858
vn 0.034480 -0.998811 -0.034464
vn 0.154066 -0.975977 -0.154051
vn 0.694883 -0.185176 -0.694872
vn 0.639366 -0.427116 -0.639361
vn 0.346031 -0.427130 -0.835358
vn 0.376084 -0.185117 -0.907906
vn 0.639366 -0.427116 -0.639361
vn 0.516031 -0.683676 -0.516042
vn 0.279254 -0.683719 -0.674200
vn 0.346031 -0.427130 -0.835358
vn 0.516031 -0.683676 -0.516042
vn 0.337026 -0.879105 -0.337029
vn 0.182401 -0.879086 -0.440384
vn 0.279254 -0.683719 -0.674200
vn 0.337026 -0.879105 -0.337029
vn 0.154066 -0.975977 -0.154051
vn 0.083373 -0.975978 -0.201286
vn 0.182401 -0.879086 -0.440384
vn 0.154066 -0.975977 -0.154051
vn 0.034480 -0.998811 -0.034464
vn 0.018650 -0.998811 -0.045031
vn 0.083373 -0.975978 -0.201286
vn 0.376084 -0.185117 -0.907906
vn 0.346031 -0.427130 -0.835358
vn -0.000012 -0.427115 -0.904197
vn -0.000003 -0.185098 -0.982720
vn 0.346031 -0.427130 -0.835358
vn 0.279254 -0.683719 -0.674200
vn -0.000009 -0.683732 -0.729733
vn -0.000012 -0.427115 -0.904197
vn 0.279254 -0.683719 -0.674200
vn 0.182401 -0.879086 -0.440384
vn -0.000007 -0.879087 -0.476661
vn -0.000009 -0.683732 -0.729733
vn 0.182401 -0.879086 -0.440384
vn 0.083373 -0.975978 -0.201286
vn -0.000008 -0.975973 -0.217889
vn -0.000007 -0.879087 -0.476661
vn 0.083373 -0.975978 -0.201286
vn 0.018650 -0.998811 -0.045031
vn -0.000009 -0.998811 -0.048743
vn -0.000008 -0.975973 -0.217889
vn -0.000003 -0.185098 -0.982720
vn -0.000012 -0.427115 -0.904197
vn -0.346016 -0.427068 -0.835396
vn -0.376057 -0.185132 -0.907914
vn -0.000012 -0.427115 -0.904197
vn -0.000009 -0.683732 -0.729733
vn -0.279246 -0.683709 -0.674213
vn -0.346016 -0.427068 -0.835396
vn -0.000009 -0.683732 -0.729733
vn -0.000007 -0.879087 -0.476661
vn -0.182378 -0.879107 -0.440352
vn -0.279246 -0.683709 -0.674213
vn -0.000007 -0.879087 -0.476661
vn -0.000008 -0.975973 -0.217889
vn -0.083378 -0.975972 -0.201311
vn -0.182378 -0.879107 -0.440352
vn -0.000008 -0.975973 -0.217889
vn -0.000009 -0.998811 -0.048743
vn -0.024851 -0.997889 -0.059997
vn -0.083378 -0.975972 -0.201311
vn -0.376057 -0.185132 -0.907914
vn -0.346016 -0.427068 -0.835396
vn -0.639372 -0.427064 -0.639391
vn -0.694871 -0.185141 -0.694893
vn -0.346016 -0.427068 -0.835396
vn -0.279246 -0.683709 -0.674213
vn -0.516036 -0.683669 -0.516046
vn -0.639372 -0.427064 -0.639391
vn -0.279246 -0.683709 -0.674213
vn -0.182378 -0.879107 -0.440352
vn -0.337013 -0.879110 -0.337027
vn -0.516036 -0.683669 -0.516046
vn -0.182378 -0.879107 -0.440352
vn -0.083378 -0.975972 -0.201311
vn -0.154056 -0.975977 -0.154065
vn -0.337013 -0.879110 -0.337027
vn -0.083378 -0.975972 -0.201311
vn -0.024851 -0.997889 -0.059997
vn -0.034453 -0.998812 -0.034465
vn -0.154056 -0.975977 -0.154065
vn -0.694871 -0.185141 -0.694893
vn -0.639372 -0.427064 -0.639391
vn -0.835365 -0.427128 -0.346016
vn -0.907900 -0.185167 -0.376072
vn -0.639372 -0.427064 -0.639391
vn -0.516036 -0.683669 -0.516046
vn -0.674250 -0.683667 -0.279260
vn -0.835365 -0.427128 -0.346016
vn -0.516036 -0.683669 -0.516046
vn -0.337013 -0.879110 -0.337027
vn -0.440372 -0.879095 -0.182387
vn -0.674250 -0.683667 -0.279260
vn -0.337013 -0.879110 -0.337027
vn -0.154056 -0.975977 -0.154065
vn -0.201278 -0.975980 -0.083367
vn -0.440372 -0.879095 -0.182387
vn -0.154056 -0.975977 -0.154065
vn -0.034453 -0.998812 -0.034465
vn -0.045016 -0.998812 -0.018645
vn -0.201278 -0.975980 -0.083367
vn -0.907900 -0.185167 -0.376072
vn -0.835365 -0.427128 -0.346016
vn -0.904158 -0.427198 -0.000018
vn -0.982713 -0.185136 -0.000008
vn -0.835365 -0.427128 -0.346016
vn -0.674250 -0.683667 -0.279260
vn -0.729761 -0.683702 -0.000001
vn -0.904158 -0.427198 -0.000018
vn -0.674250 -0.683667 -0.279260
vn -0.440372 -0.879095 -0.182387
vn -0.476678 -0.879078 0.000012
vn -0.729761 -0.683702 -0.000001
vn -0.440372 -0.879095 -0.182387
vn -0.201278 -0.975980 -0.083367
vn -0.217870 -0.975978 0.000008
vn -0.476678 -0.879078 0.000012
vn -0.201278 -0.975980 -0.083367
vn -0.045016 -0.998812 -0.018645
vn -0.048734 -0.998812 0.000011
vn -0.217870 -0.975978 0.000008
vn -0.982713 -0.185136 -0.000008
vn -0.904158 -0.427198 -0.000018
vn -0.835338 -0.427170 0.346030
vn -0.907901 -0.185123 0.376092
vn -0.904158 -0.427198 -0.000018
vn -0.729761 -0.683702 -0.000001
vn -0.674220 -0.683697 0.279258
vn -0.835338 -0.427170 0.346030
vn -0.729761 -0.683702 -0.000001
vn -0.476678 -0.879078 0.000012
vn -0.440377 -0.879093 0.182386
vn -0.674220 -0.683697 0.279258
vn -0.476678 -0.879078 0.000012
vn -0.217870 -0.975978 0.000008
vn -0.201284 -0.975979 0.083368
vn -0.440377 -0.879093 0.182386
vn -0.217870 -0.975978 0.000008
vn -0.048734 -0.998812 0.000011
vn -0.059995 -0.997889 0.024849
vn -0.201284 -0.975979 0.083368
vn -0.907901 -0.185123 0.376092
vn -0.835338 -0.427170 0.346030
vn -0.639351 -0.427073 0.639405
vn -0.694853 -0.185215 0.694892
vn -0.835338 -0.427170 0.346030
vn -0.674220 -0.683697 0.279258
vn -0.516062 -0.683622 0.516083
vn -0.639351 -0.427073 0.639405
vn -0.674220 -0.683697 0.279258
vn -0.440377 -0.879093 0.182386
vn -0.337032 -0.879105 0.337021
vn -0.516062 -0.683622 0.516083
vn -0.440377 -0.879093 0.182386
vn -0.201284 -0.975979 0.083368
vn -0.154046 -0.975983 0.154034
vn -0.337032 -0.879105 0.337021
vn -0.201284 -0.975979 0.083368
vn -0.059995 -0.997889 0.024849
vn -0.034469 -0.998812 0.034453
vn -0.154046 -0.975983 0.154034
vn -0.694853 -0.185215 0.694892
vn -0.639351 -0.427073 0.639405
vn -0.346036 -0.427043 0.835400
vn -0.376060 -0.185249 0.907889
vn -0.639351 -0.427073 0.639405
vn -0.516062 -0.683622 0.516083
vn -0.279297 -0.683598 0.674304
vn -0.346036 -0.427043 0.835400
vn -0.516062 -0.683622 0.516083
vn -0.337032 -0.879105 0.337021
vn -0.182390 -0.879100 0.440361
vn -0.279297 -0.683598 0.674304
vn -0.337032 -0.879105 0.337021
vn -0.154046 -0.975983 0.154034
vn -0.083359 -0.975986 0.201255
vn -0.182390 -0.879100 0.440361
vn -0.154046 -0.975983 0.154034
vn -0.034469 -0.998812 0.034453
vn -0.018648 -0.998812 0.045018
vn -0.083359 -0.975986 0.201255
vn -0.034469 -0.998812 0.034453
vn -0.059995 -0.997889 0.024849
vn -0.048734 -0.998812 0.000011
vn -0.000074 -1.000000 0.000031
vn -0.034469 -0.998812 0.034453
vn -0.000074 -1.000000 0.000031
vn -0.000020 -1.000000 0.000047
vn -0.018648 -0.998812 0.045018
vn 0.034454 -0.998812 0.034463
vn 0.024848 -0.997889 0.059999
vn 0.000009 -0.998812 0.048734
vn 0.000030 -1.000000 0.000073
vn 0.000009 -0.998812 0.048734
vn -0.018648 -0.998812 0.045018
vn -0.000020 -1.000000 0.000047
vn 0.000030 -1.000000 0.000073
vn -0.000047 -1.000000 -0.000019
vn -0.000074 -1.000000 0.000031
vn -0.048734 -0.998812 0.000011
vn -0.045016 -0.998812 -0.018645
vn -0.000074 -1.000000 0.000031
vn -0.000047 -1.000000 -0.000019
vn -0.000001 -1.000000 -0.000000
vn -0.000020 -1.000000 0.000047
vn 0.000046 -1.000000 0.000019
vn 0.045019 -0.998812 0.018645
vn 0.034454 -0.998812 0.034463
vn 0.000030 -1.000000 0.000073
vn 0.000030 -1.000000 0.000073
vn -0.000020 -1.000000 0.000047
vn -0.000001 -1.000000 -0.000000
vn 0.000046 -1.000000 0.000019
vn -0.000047 -1.000000 -0.000019
vn -0.045016 -0.998812 -0.018645
vn -0.034453 -0.998812 -0.034465
vn -0.000031 -1.000000 -0.000074
vn -0.034453 -0.998812 -0.034465
vn -0.024851 -0.997889 -0.059997
vn -0.000009 -0.998811 -0.048743
vn -0.000031 -1.000000 -0.000074
vn -0.000001 -1.000000 -0.000000
vn -0.000047 -1.000000 -0.000019
vn -0.000031 -1.000000 -0.000074
vn 0.000017 -1.000000 -0.000046
vn 0.000017 -1.000000 -0.000046
vn -0.000031 -1.000000 -0.000074
vn -0.000009 -0.998811 -0.048743
vn 0.018650 -0.998811 -0.045031
vn -0.000001 -1.000000 -0.000000
vn 0.000017 -1.000000 -0.000046
vn 0.000071 -1.000000 -0.000029
vn 0.000046 -1.000000 0.000019
vn 0.000017 -1.000000 -0.000046
vn 0.018650 -0.998811 -0.045031
vn 0.034480 -0.998811 -0.034464
vn 0.000071 -1.000000 -0.000029
vn 0.000046 -1.000000 0.000019
vn 0.000071 -1.000000 -0.000029
vn 0.048738 -0.998812 -0.000008
vn 0.045019 -0.998812 0.018645
vn 0.034480 -0.998811 -0.034464
vn 0.060015 -0.997888 -0.024858
vn 0.048738 -0.998812 -0.000008
vn 0.000071 -1.000000 -0.000029
vn 0.382487 0.032054 -0.923405
vn 0.382298 -0.044632 -0.922961
vn 0.000014 -0.044648 -0.999003
vn -0.000004 0.032134 -0.999484
vn 0.382298 -0.044632 -0.922961
vn 0.379321 -0.132298 -0.915758
vn 0.000015 -0.132309 -0.991209
vn 0.000014 -0.044648 -0.999003
vn 0.379321 -0.132298 -0.915758
vn 0.372397 -0.230564 -0.898978
vn 0.000020 -0.230530 -0.973065
vn 0.000015 -0.132309 -0.991209
vn 0.372397 -0.230564 -0.898978
vn 0.364264 -0.306759 -0.879324
vn 0.000031 -0.306789 -0.951777
vn 0.000020 -0.230530 -0.973065
vn 0.364264 -0.306759 -0.879324
vn 0.356286 -0.365086 -0.860100
vn 0.000022 -0.365101 -0.930968
vn 0.000031 -0.306789 -0.951777
vn 0.356286 -0.365086 -0.860100
vn 0.349141 -0.409435 -0.842890
vn 0.000016 -0.409439 -0.912337
vn 0.000022 -0.365101 -0.930968
vn 0.349141 -0.409435 -0.842890
vn 0.343173 -0.442460 -0.828529
vn 0.000018 -0.442479 -0.896779
vn 0.000016 -0.409439 -0.912337
vn 0.343173 -0.442460 -0.828529
vn 0.338541 -0.466213 -0.817334
vn -0.000002 -0.466226 -0.884666
vn 0.000018 -0.442479 -0.896779
vn 0.338541 -0.466213 -0.817334
vn 0.335270 -0.482166 -0.809388
vn -0.000018 -0.482152 -0.876087
vn -0.000002 -0.466226 -0.884666
vn 0.335270 -0.482166 -0.809388
vn 0.333385 -0.491025 -0.804828
vn -0.000006 -0.491017 -0.871150
vn -0.000018 -0.482152 -0.876087
vn 0.333385 -0.491025 -0.804828
vn 0.332990 -0.492813 -0.803899
vn 0.000009 -0.492805 -0.870140
vn -0.000006 -0.491017 -0.871150
vn 0.332990 -0.492813 -0.803899
vn 0.334156 -0.487412 -0.806703
vn 0.000000 -0.487397 -0.873180
vn 0.000009 -0.492805 -0.870140
vn 0.334156 -0.487412 -0.806703
vn 0.336950 -0.474051 -0.813474
vn 0.000017 -0.474040 -0.880503
vn 0.000000 -0.487397 -0.873180
vn 0.336950 -0.474051 -0.813474
vn 0.341645 -0.450356 -0.824898
vn 0.000075 -0.450348 -0.892853
vn 0.000017 -0.474040 -0.880503
vn 0.341645 -0.450356 -0.824898
vn 0.348443 -0.413361 -0.841261
vn 0.000108 -0.413343 -0.910575
vn 0.000075 -0.450348 -0.892853
vn 0.348443 -0.413361 -0.841261
vn 0.357363 -0.357922 -0.862661
vn 0.000085 -0.357951 -0.933740
vn 0.000108 -0.413343 -0.910575
vn 0.357363 -0.357922 -0.862661
vn 0.367950 -0.274975 -0.888258
vn 0.000018 -0.275091 -0.961418
vn 0.000085 -0.357951 -0.933740
vn 0.367950 -0.274975 -0.888258
vn 0.378323 -0.151002 -0.913274
vn 0.000016 -0.150957 -0.988540
vn 0.000018 -0.275091 -0.961418
vn 0.378323 -0.151002 -0.913274
vn 0.382535 -0.034355 -0.923302
vn 0.000102 -0.034230 -0.999414
vn 0.000016 -0.150957 -0.988540
vn 0.382535 -0.034355 -0.923302
vn 0.379117 0.136837 -0.915175
vn 0.000083 0.136408 -0.990653
vn 0.000102 -0.034230 -0.999414
vn -0.000004 0.032134 -0.999484
vn 0.000014 -0.044648 -0.999003
vn -0.382322 -0.044598 -0.922952
vn -0.382493 0.032166 -0.923398
vn 0.000014 -0.044648 -0.999003
vn 0.000015 -0.132309 -0.991209
vn -0.379333 -0.132370 -0.915743
vn -0.382322 -0.044598 -0.922952
vn 0.000015 -0.132309 -0.991209
vn 0.000020 -0.230530 -0.973065
vn -0.372398 -0.230517 -0.898989
vn -0.379333 -0.132370 -0.915743
vn 0.000020 -0.230530 -0.973065
vn 0.000031 -0.306789 -0.951777
vn -0.364246 -0.306730 -0.879341
vn -0.372398 -0.230517 -0.898989
vn 0.000031 -0.306789 -0.951777
vn 0.000022 -0.365101 -0.930968
vn -0.356254 -0.365130 -0.860095
vn -0.364246 -0.306730 -0.879341
vn 0.000022 -0.365101 -0.930968
vn 0.000016 -0.409439 -0.912337
vn -0.349142 -0.409412 -0.842900
vn -0.356254 -0.365130 -0.860095
vn 0.000016 -0.409439 -0.912337
vn 0.000018 -0.442479 -0.896779
vn -0.343181 -0.442483 -0.828514
vn -0.349142 -0.409412 -0.842900
vn 0.000018 -0.442479 -0.896779
vn -0.000002 -0.466226 -0.884666
vn -0.338524 -0.466264 -0.817312
vn -0.343181 -0.442483 -0.828514
vn -0.000002 -0.466226 -0.884666
vn -0.000018 -0.482152 -0.876087
vn -0.335245 -0.482147 -0.809411
vn -0.338524 -0.466264 -0.817312
vn -0.000018 -0.482152 -0.876087
vn -0.000006 -0.491017 -0.871150
vn -0.333358 -0.490980 -0.804867
vn -0.335245 -0.482147 -0.809411
vn -0.000006 -0.491017 -0.871150
vn 0.000009 -0.492805 -0.870140
vn -0.332953 -0.492816 -0.803912
vn -0.333358 -0.490980 -0.804867
vn 0.000009 -0.492805 -0.870140
vn 0.000000 -0.487397 -0.873180
vn -0.334124 -0.487427 -0.806707
vn -0.332953 -0.492816 -0.803912
vn 0.000000 -0.487397 -0.873180
vn 0.000017 -0.474040 -0.880503
vn -0.336953 -0.473998 -0.813504
vn -0.334124 -0.487427 -0.806707
vn 0.000017 -0.474040 -0.880503
vn 0.000075 -0.450348 -0.892853
vn -0.341671 -0.450368 -0.824882
vn -0.336953 -0.473998 -0.813504
vn 0.000075 -0.450348 -0.892853
vn 0.000108 -0.413343 -0.910575
vn -0.348488 -0.413388 -0.841229
vn -0.341671 -0.450368 -0.824882
vn 0.000108 -0.413343 -0.910575
vn 0.000085 -0.357951 -0.933740
vn -0.357379 -0.357932 -0.862650
vn -0.348488 -0.413388 -0.841229
vn 0.000085 -0.357951 -0.933740
vn 0.000018 -0.275091 -0.961418
vn -0.367934 -0.275102 -0.888225
vn -0.357379 -0.357932 -0.862650
vn 0.000018 -0.275091 -0.961418
vn 0.000016 -0.150957 -0.988540
vn -0.378310 -0.150973 -0.913285
vn -0.367934 -0.275102 -0.888225
vn 0.000016 -0.150957 -0.988540
vn 0.000102 -0.034230 -0.999414
vn -0.382559 -0.034212 -0.923298
vn -0.378310 -0.150973 -0.913285
vn 0.000102 -0.034230 -0.999414
vn 0.000083 0.136408 -0.990653
vn -0.379225 0.136242 -0.915219
vn -0.382559 -0.034212 -0.923298
vn -0.382493 0.032166 -0.923398
vn -0.382322 -0.044598 -0.922952
vn -0.706417 -0.044536 -0.706393
vn -0.706742 0.032044 -0.706745
vn -0.382322 -0.044598 -0.922952
vn -0.379333 -0.132370 -0.915743
vn -0.700889 -0.132317 -0.700890
vn -0.706417 -0.044536 -0.706393
vn -0.379333 -0.132370 -0.915743
vn -0.372398 -0.230517 -0.898989
vn -0.688056 -0.230575 -0.688051
vn -0.700889 -0.132317 -0.700890
vn -0.372398 -0.230517 -0.898989
vn -0.364246 -0.306730 -0.879341
vn -0.673054 -0.306703 -0.673002
vn -0.688056 -0.230575 -0.688051
vn -0.364246 -0.306730 -0.879341
vn -0.356254 -0.365130 -0.860095
vn -0.658314 -0.365135 -0.658254
vn -0.673054 -0.306703 -0.673002
vn -0.356254 -0.365130 -0.860095
vn -0.349142 -0.409412 -0.842900
vn -0.645156 -0.409386 -0.645117
vn -0.658314 -0.365135 -0.658254
vn -0.349142 -0.409412 -0.842900
vn -0.343181 -0.442483 -0.828514
vn -0.634143 -0.442416 -0.634138
vn -0.645156 -0.409386 -0.645117
vn -0.343181 -0.442483 -0.828514
vn -0.338524 -0.466264 -0.817312
vn -0.625518 -0.466261 -0.625562
vn -0.634143 -0.442416 -0.634138
vn -0.338524 -0.466264 -0.817312
vn -0.335245 -0.482147 -0.809411
vn -0.619449 -0.482176 -0.619507
vn -0.625518 -0.466261 -0.625562
vn -0.335245 -0.482147 -0.809411
vn -0.333358 -0.490980 -0.804867
vn -0.615998 -0.490985 -0.616019
vn -0.619449 -0.482176 -0.619507
vn -0.333358 -0.490980 -0.804867
vn -0.332953 -0.492816 -0.803912
vn -0.615272 -0.492851 -0.615254
vn -0.615998 -0.490985 -0.616019
vn -0.332953 -0.492816 -0.803912
vn -0.334124 -0.487427 -0.806707
vn -0.617419 -0.487454 -0.617399
vn -0.615272 -0.492851 -0.615254
vn -0.334124 -0.487427 -0.806707
vn -0.336953 -0.473998 -0.813504
vn -0.622646 -0.473976 -0.622622
vn -0.617419 -0.487454 -0.617399
vn -0.336953 -0.473998 -0.813504
vn -0.341671 -0.450368 -0.824882
vn -0.631341 -0.450344 -0.631347
vn -0.622646 -0.473976 -0.622622
vn -0.341671 -0.450368 -0.824882
vn -0.348488 -0.413388 -0.841229
vn -0.643800 -0.413387 -0.643919
vn -0.631341 -0.450344 -0.631347
vn -0.348488 -0.413388 -0.841229
vn -0.357379 -0.357932 -0.862650
vn -0.660214 -0.357925 -0.660309
vn -0.643800 -0.413387 -0.643919
vn -0.357379 -0.357932 -0.862650
vn -0.367934 -0.275102 -0.888225
vn -0.679878 -0.275106 -0.679766
vn -0.660214 -0.357925 -0.660309
vn -0.367934 -0.275102 -0.888225
vn -0.378310 -0.150973 -0.913285
vn -0.699091 -0.150987 -0.698909
vn -0.679878 -0.275106 -0.679766
vn -0.378310 -0.150973 -0.913285
vn -0.382559 -0.034212 -0.923298
vn -0.706756 -0.034198 -0.706631
vn -0.699091 -0.150987 -0.698909
vn -0.382559 -0.034212 -0.923298
vn -0.379225 0.136242 -0.915219
vn -0.700531 0.136476 -0.700450
vn -0.706756 -0.034198 -0.706631
vn -0.706742 0.032044 -0.706745
vn -0.706417 -0.044536 -0.706393
vn -0.922952 -0.044486 -0.382335
vn -0.923404 0.031977 -0.382496
vn -0.706417 -0.044536 -0.706393
vn -0.700889 -0.132317 -0.700890
vn -0.915746 -0.132287 -0.379354
vn -0.922952 -0.044486 -0.382335
vn -0.700889 -0.132317 -0.700890
vn -0.688056 -0.230575 -0.688051
vn -0.898959 -0.230689 -0.372364
vn -0.915746 -0.132287 -0.379354
vn -0.688056 -0.230575 -0.688051
vn -0.673054 -0.306703 -0.673002
vn -0.879351 -0.306744 -0.364211
vn -0.898959 -0.230689 -0.372364
vn -0.673054 -0.306703 -0.673002
vn -0.658314 -0.365135 -0.658254
vn -0.860101 -0.365124 -0.356247
vn -0.879351 -0.306744 -0.364211
vn -0.658314 -0.365135 -0.658254
vn -0.645156 -0.409386 -0.645117
vn -0.842933 -0.409334 -0.349156
vn -0.860101 -0.365124 -0.356247
vn -0.645156 -0.409386 -0.645117
vn -0.634143 -0.442416 -0.634138
vn -0.828564 -0.442366 -0.343212
vn -0.842933 -0.409334 -0.349156
vn -0.634143 -0.442416 -0.634138
vn -0.625518 -0.466261 -0.625562
vn -0.817304 -0.466267 -0.338539
vn -0.828564 -0.442366 -0.343212
vn -0.625518 -0.466261 -0.625562
vn -0.619449 -0.482176 -0.619507
vn -0.809384 -0.482190 -0.335245
vn -0.817304 -0.466267 -0.338539
vn -0.619449 -0.482176 -0.619507
vn -0.615998 -0.490985 -0.616019
vn -0.804858 -0.490987 -0.333370
vn -0.809384 -0.482190 -0.335245
vn -0.615998 -0.490985 -0.616019
vn -0.615272 -0.492851 -0.615254
vn -0.803879 -0.492862 -0.332966
vn -0.804858 -0.490987 -0.333370
vn -0.615272 -0.492851 -0.615254
vn -0.617419 -0.487454 -0.617399
vn -0.806684 -0.487478 -0.334106
vn -0.803879 -0.492862 -0.332966
vn -0.617419 -0.487454 -0.617399
vn -0.622646 -0.473976 -0.622622
vn -0.813525 -0.473970 -0.336940
vn -0.806684 -0.487478 -0.334106
vn -0.622646 -0.473976 -0.622622
vn -0.631341 -0.450344 -0.631347
vn -0.824902 -0.450299 -0.341711
vn -0.813525 -0.473970 -0.336940
vn -0.631341 -0.450344 -0.631347
vn -0.643800 -0.413387 -0.643919
vn -0.841219 -0.413389 -0.348510
vn -0.824902 -0.450299 -0.341711
vn -0.643800 -0.413387 -0.643919
vn -0.660214 -0.357925 -0.660309
vn -0.862619 -0.358019 -0.357366
vn -0.841219 -0.413389 -0.348510
vn -0.660214 -0.357925 -0.660309
vn -0.679878 -0.275106 -0.679766
vn -0.888218 -0.275162 -0.367905
vn -0.862619 -0.358019 -0.357366
vn -0.679878 -0.275106 -0.679766
vn -0.699091 -0.150987 -0.698909
vn -0.913318 -0.150933 -0.378246
vn -0.888218 -0.275162 -0.367905
vn -0.699091 -0.150987 -0.698909
vn -0.706756 -0.034198 -0.706631
vn -0.923330 -0.034153 -0.382485
vn -0.913318 -0.150933 -0.378246
vn -0.706756 -0.034198 -0.706631
vn -0.700531 0.136476 -0.700450
vn -0.915193 0.136472 -0.379206
vn -0.923330 -0.034153 -0.382485
vn -0.923404 0.031977 -0.382496
vn -0.922952 -0.044486 -0.382335
vn -0.999010 -0.044478 -0.000026
vn -0.999487 0.032038 -0.000023
vn -0.922952 -0.044486 -0.382335
vn -0.915746 -0.132287 -0.379354
vn -0.991202 -0.132362 0.000002
vn -0.999010 -0.044478 -0.000026
vn -0.915746 -0.132287 -0.379354
vn -0.898959 -0.230689 -0.372364
vn -0.973023 -0.230709 0.000002
vn -0.991202 -0.132362 0.000002
vn -0.898959 -0.230689 -0.372364
vn -0.879351 -0.306744 -0.364211
vn -0.951788 -0.306756 -0.000017
vn -0.973023 -0.230709 0.000002
vn -0.879351 -0.306744 -0.364211
vn -0.860101 -0.365124 -0.356247
vn -0.930944 -0.365161 -0.000009
vn -0.951788 -0.306756 -0.000017
vn -0.860101 -0.365124 -0.356247
vn -0.842933 -0.409334 -0.349156
vn -0.912372 -0.409362 0.000009
vn -0.930944 -0.365161 -0.000009
vn -0.842933 -0.409334 -0.349156
vn -0.828564 -0.442366 -0.343212
vn -0.896830 -0.442376 0.000027
vn -0.912372 -0.409362 0.000009
vn -0.828564 -0.442366 -0.343212
vn -0.817304 -0.466267 -0.338539
vn -0.884652 -0.466253 0.000030
vn -0.896830 -0.442376 0.000027
vn -0.817304 -0.466267 -0.338539
vn -0.809384 -0.482190 -0.335245
vn -0.876077 -0.482170 0.000030
vn -0.884652 -0.466253 0.000030
vn -0.809384 -0.482190 -0.335245
vn -0.804858 -0.490987 -0.333370
vn -0.871190 -0.490946 0.000024
vn -0.876077 -0.482170 0.000030
vn -0.804858 -0.490987 -0.333370
vn -0.803879 -0.492862 -0.332966
vn -0.870107 -0.492863 -0.000005
vn -0.871190 -0.490946 0.000024
vn -0.803879 -0.492862 -0.332966
vn -0.806684 -0.487478 -0.334106
vn -0.873107 -0.487528 -0.000005
vn -0.870107 -0.492863 -0.000005
vn -0.806684 -0.487478 -0.334106
vn -0.813525 -0.473970 -0.336940
vn -0.880553 -0.473947 0.000012
vn -0.873107 -0.487528 -0.000005
vn -0.813525 -0.473970 -0.336940
vn -0.824902 -0.450299 -0.341711
vn -0.892876 -0.450303 0.000026
vn -0.880553 -0.473947 0.000012
vn -0.824902 -0.450299 -0.341711
vn -0.841219 -0.413389 -0.348510
vn -0.910553 -0.413392 0.000052
vn -0.892876 -0.450303 0.000026
vn -0.841219 -0.413389 -0.348510
vn -0.862619 -0.358019 -0.357366
vn -0.933740 -0.357952 0.000016
vn -0.910553 -0.413392 0.000052
vn -0.862619 -0.358019 -0.357366
vn -0.888218 -0.275162 -0.367905
vn -0.961421 -0.275082 -0.000085
vn -0.933740 -0.357952 0.000016
vn -0.888218 -0.275162 -0.367905
vn -0.913318 -0.150933 -0.378246
vn -0.988539 -0.150967 -0.000104
vn -0.961421 -0.275082 -0.000085
vn -0.913318 -0.150933 -0.378246
vn -0.923330 -0.034153 -0.382485
vn -0.999414 -0.034222 -0.000042
vn -0.988539 -0.150967 -0.000104
vn -0.923330 -0.034153 -0.382485
vn -0.915193 0.136472 -0.379206
vn -0.990665 0.136319 -0.000009
vn -0.999414 -0.034222 -0.000042
vn -0.999487 0.032038 -0.000023
vn -0.999010 -0.044478 -0.000026
vn -0.922956 -0.044548 0.382320
vn -0.923410 0.032015 0.382476
vn -0.999010 -0.044478 -0.000026
vn -0.991202 -0.132362 0.000002
vn -0.915739 -0.132359 0.379345
vn -0.922956 -0.044548 0.382320
vn -0.991202 -0.132362 0.000002
vn -0.973023 -0.230709 0.000002
vn -0.898971 -0.230628 0.372373
vn -0.915739 -0.132359 0.379345
vn -0.973023 -0.230709 0.000002
vn -0.951788 -0.306756 -0.000017
vn -0.879353 -0.306737 0.364213
vn -0.898971 -0.230628 0.372373
vn -0.951788 -0.306756 -0.000017
vn -0.930944 -0.365161 -0.000009
vn -0.860061 -0.365226 0.356237
vn -0.879353 -0.306737 0.364213
vn -0.930944 -0.365161 -0.000009
vn -0.912372 -0.409362 0.000009
vn -0.842895 -0.409416 0.349152
vn -0.860061 -0.365226 0.356237
vn -0.912372 -0.409362 0.000009
vn -0.896830 -0.442376 0.000027
vn -0.828552 -0.442390 0.343210
vn -0.842895 -0.409416 0.349152
vn -0.896830 -0.442376 0.000027
vn -0.884652 -0.466253 0.000030
vn -0.817333 -0.466204 0.338556
vn -0.828552 -0.442390 0.343210
vn -0.884652 -0.466253 0.000030
vn -0.876077 -0.482170 0.000030
vn -0.809411 -0.482138 0.335256
vn -0.817333 -0.466204 0.338556
vn -0.876077 -0.482170 0.000030
vn -0.871190 -0.490946 0.000024
vn -0.804892 -0.490922 0.333383
vn -0.809411 -0.482138 0.335256
vn -0.871190 -0.490946 0.000024
vn -0.870107 -0.492863 -0.000005
vn -0.803872 -0.492867 0.332973
vn -0.804892 -0.490922 0.333383
vn -0.870107 -0.492863 -0.000005
vn -0.873107 -0.487528 -0.000005
vn -0.806653 -0.487535 0.334097
vn -0.803872 -0.492867 0.332973
vn -0.873107 -0.487528 -0.000005
vn -0.880553 -0.473947 0.000012
vn -0.813541 -0.473956 0.336922
vn -0.806653 -0.487535 0.334097
vn -0.880553 -0.473947 0.000012
vn -0.892876 -0.450303 0.000026
vn -0.824889 -0.450360 0.341663
vn -0.813541 -0.473956 0.336922
vn -0.892876 -0.450303 0.000026
vn -0.910553 -0.413392 0.000052
vn -0.841254 -0.413392 0.348422
vn -0.824889 -0.450360 0.341663
vn -0.910553 -0.413392 0.000052
vn -0.933740 -0.357952 0.000016
vn -0.862727 -0.357856 0.357270
vn -0.841254 -0.413392 0.348422
vn -0.933740 -0.357952 0.000016
vn -0.961421 -0.275082 -0.000085
vn -0.888294 -0.274960 0.367872
vn -0.862727 -0.357856 0.357270
vn -0.961421 -0.275082 -0.000085
vn -0.988539 -0.150967 -0.000104
vn -0.913299 -0.151067 0.378237
vn -0.888294 -0.274960 0.367872
vn -0.988539 -0.150967 -0.000104
vn -0.999414 -0.034222 -0.000042
vn -0.923336 -0.034364 0.382452
vn -0.913299 -0.151067 0.378237
vn -0.999414 -0.034222 -0.000042
vn -0.990665 0.136319 -0.000009
vn -0.915232 0.136351 0.379155
vn -0.923336 -0.034364 0.382452
vn -0.923410 0.032015 0.382476
vn -0.922956 -0.044548 0.382320
vn -0.706391 -0.044566 0.706417
vn -0.706733 0.031947 0.706758
vn -0.922956 -0.044548 0.382320
vn -0.915739 -0.132359 0.379345
vn -0.700874 -0.132326 0.700903
vn -0.706391 -0.044566 0.706417
vn -0.915739 -0.132359 0.379345
vn -0.898971 -0.230628 0.372373
vn -0.688028 -0.230611 0.688066
vn -0.700874 -0.132326 0.700903
vn -0.898971 -0.230628 0.372373
vn -0.879353 -0.306737 0.364213
vn -0.673025 -0.306684 0.673039
vn -0.688028 -0.230611 0.688066
vn -0.879353 -0.306737 0.364213
vn -0.860061 -0.365226 0.356237
vn -0.658266 -0.365250 0.658238
vn -0.673025 -0.306684 0.673039
vn -0.860061 -0.365226 0.356237
vn -0.842895 -0.409416 0.349152
vn -0.645136 -0.409439 0.645104
vn -0.658266 -0.365250 0.658238
vn -0.842895 -0.409416 0.349152
vn -0.828552 -0.442390 0.343210
vn -0.634147 -0.442405 0.634142
vn -0.645136 -0.409439 0.645104
vn -0.828552 -0.442390 0.343210
vn -0.817333 -0.466204 0.338556
vn -0.625579 -0.466157 0.625578
vn -0.634147 -0.442405 0.634142
vn -0.817333 -0.466204 0.338556
vn -0.809411 -0.482138 0.335256
vn -0.619526 -0.482103 0.619487
vn -0.625579 -0.466157 0.625578
vn -0.809411 -0.482138 0.335256
vn -0.804892 -0.490922 0.333383
vn -0.616044 -0.490965 0.615990
vn -0.619526 -0.482103 0.619487
vn -0.804892 -0.490922 0.333383
vn -0.803872 -0.492867 0.332973
vn -0.615246 -0.492927 0.615220
vn -0.616044 -0.490965 0.615990
vn -0.803872 -0.492867 0.332973
vn -0.806653 -0.487535 0.334097
vn -0.617350 -0.487555 0.617389
vn -0.615246 -0.492927 0.615220
vn -0.806653 -0.487535 0.334097
vn -0.813541 -0.473956 0.336922
vn -0.622597 -0.473960 0.622684
vn -0.617350 -0.487555 0.617389
vn -0.813541 -0.473956 0.336922
vn -0.824889 -0.450360 0.341663
vn -0.631312 -0.450371 0.631356
vn -0.622597 -0.473960 0.622684
vn -0.824889 -0.450360 0.341663
vn -0.841254 -0.413392 0.348422
vn -0.643857 -0.413372 0.643873
vn -0.631312 -0.450371 0.631356
vn -0.841254 -0.413392 0.348422
vn -0.862727 -0.357856 0.357270
vn -0.660260 -0.357836 0.660311
vn -0.643857 -0.413372 0.643873
vn -0.862727 -0.357856 0.357270
vn -0.888294 -0.274960 0.367872
vn -0.679847 -0.274896 0.679883
vn -0.660260 -0.357836 0.660311
vn -0.888294 -0.274960 0.367872
vn -0.913299 -0.151067 0.378237
vn -0.698977 -0.151138 0.698992
vn -0.679847 -0.274896 0.679883
vn -0.913299 -0.151067 0.378237
vn -0.923336 -0.034364 0.382452
vn -0.706666 -0.034484 0.706706
vn -0.698977 -0.151138 0.698992
vn -0.923336 -0.034364 0.382452
vn -0.915232 0.136351 0.379155
vn -0.700495 0.136460 0.700489
vn -0.706666 -0.034484 0.706706
vn -0.706733 0.031947 0.706758
vn -0.706391 -0.044566 0.706417
vn -0.382312 -0.044595 0.922956
vn -0.382490 0.031993 0.923406
vn -0.706391 -0.044566 0.706417
vn -0.700874 -0.132326 0.700903
vn -0.379318 -0.132344 0.915753
vn -0.382312 -0.044595 0.922956
vn -0.700874 -0.132326 0.700903
vn -0.688028 -0.230611 0.688066
vn -0.372371 -0.230636 0.898970
vn -0.379318 -0.132344 0.915753
vn -0.688028 -0.230611 0.688066
vn -0.673025 -0.306684 0.673039
vn -0.364246 -0.306674 0.879361
vn -0.372371 -0.230636 0.898970
vn -0.673025 -0.306684 0.673039
vn -0.658266 -0.365250 0.658238
vn -0.356245 -0.365209 0.860065
vn -0.364246 -0.306674 0.879361
vn -0.658266 -0.365250 0.658238
vn -0.645136 -0.409439 0.645104
vn -0.349142 -0.409430 0.842892
vn -0.356245 -0.365209 0.860065
vn -0.645136 -0.409439 0.645104
vn -0.634147 -0.442405 0.634142
vn -0.343200 -0.442408 0.828546
vn -0.349142 -0.409430 0.842892
vn -0.634147 -0.442405 0.634142
vn -0.625579 -0.466157 0.625578
vn -0.338550 -0.466171 0.817355
vn -0.343200 -0.442408 0.828546
vn -0.625579 -0.466157 0.625578
vn -0.619526 -0.482103 0.619487
vn -0.335256 -0.482095 0.809437
vn -0.338550 -0.466171 0.817355
vn -0.619526 -0.482103 0.619487
vn -0.616044 -0.490965 0.615990
vn -0.333373 -0.490958 0.804874
vn -0.335256 -0.482095 0.809437
vn -0.616044 -0.490965 0.615990
vn -0.615246 -0.492927 0.615220
vn -0.332963 -0.492934 0.803836
vn -0.333373 -0.490958 0.804874
vn -0.615246 -0.492927 0.615220
vn -0.617350 -0.487555 0.617389
vn -0.334108 -0.487581 0.806620
vn -0.332963 -0.492934 0.803836
vn -0.617350 -0.487555 0.617389
vn -0.622597 -0.473960 0.622684
vn -0.336950 -0.473923 0.813549
vn -0.334108 -0.487581 0.806620
vn -0.622597 -0.473960 0.622684
vn -0.631312 -0.450371 0.631356
vn -0.341652 -0.450346 0.824902
vn -0.336950 -0.473923 0.813549
vn -0.631312 -0.450371 0.631356
vn -0.643857 -0.413372 0.643873
vn -0.348397 -0.413422 0.841250
vn -0.341652 -0.450346 0.824902
vn -0.643857 -0.413372 0.643873
vn -0.660260 -0.357836 0.660311
vn -0.357299 -0.357793 0.862741
vn -0.348397 -0.413422 0.841250
vn -0.660260 -0.357836 0.660311
vn -0.679847 -0.274896 0.679883
vn -0.367936 -0.274836 0.888306
vn -0.357299 -0.357793 0.862741
vn -0.679847 -0.274896 0.679883
vn -0.698977 -0.151138 0.698992
vn -0.378272 -0.151157 0.913270
vn -0.367936 -0.274836 0.888306
vn -0.698977 -0.151138 0.698992
vn -0.706666 -0.034484 0.706706
vn -0.382475 -0.034499 0.923321
vn -0.378272 -0.151157 0.913270
vn -0.706666 -0.034484 0.706706
vn -0.700495 0.136460 0.700489
vn -0.379120 0.136448 0.915232
vn -0.382475 -0.034499 0.923321
vn -0.382490 0.031993 0.923406
vn -0.382312 -0.044595 0.922956
vn 0.000001 -0.044633 0.999003
vn -0.000011 0.032027 0.999487
vn -0.382312 -0.044595 0.922956
vn -0.379318 -0.132344 0.915753
vn 0.000000 -0.132349 0.991203
vn 0.000001 -0.044633 0.999003
vn -0.379318 -0.132344 0.915753
vn -0.372371 -0.230636 0.898970
vn -0.000018 -0.230627 0.973042
vn 0.000000 -0.132349 0.991203
vn -0.372371 -0.230636 0.898970
vn -0.364246 -0.306674 0.879361
vn -0.000028 -0.306705 0.951804
vn -0.000018 -0.230627 0.973042
vn -0.364246 -0.306674 0.879361
vn -0.356245 -0.365209 0.860065
vn -0.000028 -0.365189 0.930934
vn -0.000028 -0.306705 0.951804
vn -0.356245 -0.365209 0.860065
vn -0.349142 -0.409430 0.842892
vn -0.000022 -0.409410 0.912350
vn -0.000028 -0.365189 0.930934
vn -0.349142 -0.409430 0.842892
vn -0.343200 -0.442408 0.828546
vn -0.000004 -0.442433 0.896802
vn -0.000022 -0.409410 0.912350
vn -0.343200 -0.442408 0.828546
vn -0.338550 -0.466171 0.817355
vn 0.000031 -0.466227 0.884665
vn -0.000004 -0.442433 0.896802
vn -0.338550 -0.466171 0.817355
vn -0.335256 -0.482095 0.809437
vn 0.000039 -0.482067 0.876134
vn 0.000031 -0.466227 0.884665
vn -0.335256 -0.482095 0.809437
vn -0.333373 -0.490958 0.804874
vn 0.000002 -0.490919 0.871205
vn 0.000039 -0.482067 0.876134
vn -0.333373 -0.490958 0.804874
vn -0.332963 -0.492934 0.803836
vn -0.000003 -0.492926 0.870071
vn 0.000002 -0.490919 0.871205
vn -0.332963 -0.492934 0.803836
vn -0.334108 -0.487581 0.806620
vn 0.000005 -0.487574 0.873082
vn -0.000003 -0.492926 0.870071
vn -0.334108 -0.487581 0.806620
vn -0.336950 -0.473923 0.813549
vn -0.000020 -0.473963 0.880545
vn 0.000005 -0.487574 0.873082
vn -0.336950 -0.473923 0.813549
vn -0.341652 -0.450346 0.824902
vn -0.000014 -0.450388 0.892833
vn -0.000020 -0.473963 0.880545
vn -0.341652 -0.450346 0.824902
vn -0.348397 -0.413422 0.841250
vn -0.000023 -0.413431 0.910535
vn -0.000014 -0.450388 0.892833
vn -0.348397 -0.413422 0.841250
vn -0.357299 -0.357793 0.862741
vn -0.000061 -0.357758 0.933814
vn -0.000023 -0.413431 0.910535
vn -0.357299 -0.357793 0.862741
vn -0.367936 -0.274836 0.888306
vn 0.000015 -0.274863 0.961483
vn -0.000061 -0.357758 0.933814
vn -0.367936 -0.274836 0.888306
vn -0.378272 -0.151157 0.913270
vn 0.000119 -0.151153 0.988510
vn 0.000015 -0.274863 0.961483
vn -0.378272 -0.151157 0.913270
vn -0.382475 -0.034499 0.923321
vn 0.000082 -0.034440 0.999407
vn 0.000119 -0.151153 0.988510
vn -0.382475 -0.034499 0.923321
vn -0.379120 0.136448 0.915232
vn 0.000075 0.136139 0.990690
vn 0.000082 -0.034440 0.999407
vn -0.000011 0.032027 0.999487
vn 0.000001 -0.044633 0.999003
vn 0.382324 -0.044591 0.922952
vn 0.382512 0.032012 0.923396
vn 0.000001 -0.044633 0.999003
vn 0.000000 -0.132349 0.991203
vn 0.379321 -0.132312 0.915756
vn 0.382324 -0.044591 0.922952
vn 0.000000 -0.132349 0.991203
vn -0.000018 -0.230627 0.973042
vn 0.372361 -0.230613 0.898980
vn 0.379321 -0.132312 0.915756
vn -0.000018 -0.230627 0.973042
vn -0.000028 -0.306705 0.951804
vn 0.364240 -0.306723 0.879346
vn 0.372361 -0.230613 0.898980
vn -0.000028 -0.306705 0.951804
vn -0.000028 -0.365189 0.930934
vn 0.356255 -0.365175 0.860075
vn 0.364240 -0.306723 0.879346
vn -0.000028 -0.365189 0.930934
vn -0.000022 -0.409410 0.912350
vn 0.349138 -0.409414 0.842901
vn 0.356255 -0.365175 0.860075
vn -0.000022 -0.409410 0.912350
vn -0.000004 -0.442433 0.896802
vn 0.343191 -0.442456 0.828525
vn 0.349138 -0.409414 0.842901
vn -0.000004 -0.442433 0.896802
vn 0.000031 -0.466227 0.884665
vn 0.338531 -0.466241 0.817323
vn 0.343191 -0.442456 0.828525
vn 0.000031 -0.466227 0.884665
vn 0.000039 -0.482067 0.876134
vn 0.335263 -0.482044 0.809464
vn 0.338531 -0.466241 0.817323
vn 0.000039 -0.482067 0.876134
vn 0.000002 -0.490919 0.871205
vn 0.333390 -0.490912 0.804896
vn 0.335263 -0.482044 0.809464
vn 0.000002 -0.490919 0.871205
vn -0.000003 -0.492926 0.870071
vn 0.332960 -0.492931 0.803839
vn 0.333390 -0.490912 0.804896
vn -0.000003 -0.492926 0.870071
vn 0.000005 -0.487574 0.873082
vn 0.334129 -0.487555 0.806628
vn 0.332960 -0.492931 0.803839
vn 0.000005 -0.487574 0.873082
vn -0.000020 -0.473963 0.880545
vn 0.337024 -0.473980 0.813485
vn 0.334129 -0.487555 0.806628
vn -0.000020 -0.473963 0.880545
vn -0.000014 -0.450388 0.892833
vn 0.341735 -0.450399 0.824838
vn 0.337024 -0.473980 0.813485
vn -0.000014 -0.450388 0.892833
vn -0.000023 -0.413431 0.910535
vn 0.348455 -0.413398 0.841238
vn 0.341735 -0.450399 0.824838
vn -0.000023 -0.413431 0.910535
vn -0.000061 -0.357758 0.933814
vn 0.357329 -0.357784 0.862732
vn 0.348455 -0.413398 0.841238
vn -0.000061 -0.357758 0.933814
vn 0.000015 -0.274863 0.961483
vn 0.367983 -0.274941 0.888254
vn 0.357329 -0.357784 0.862732
vn 0.000015 -0.274863 0.961483
vn 0.000119 -0.151153 0.988510
vn 0.378382 -0.151104 0.913233
vn 0.367983 -0.274941 0.888254
vn 0.000119 -0.151153 0.988510
vn 0.000082 -0.034440 0.999407
vn 0.382491 -0.034349 0.923320
vn 0.378382 -0.151104 0.913233
vn 0.000082 -0.034440 0.999407
vn 0.000075 0.136139 0.990690
vn 0.379141 0.135946 0.915298
vn 0.382491 -0.034349 0.923320
vn 0.382512 0.032012 0.923396
vn 0.382324 -0.044591 0.922952
vn 0.706402 -0.044539 0.706408
vn 0.706743 0.032007 0.706746
vn 0.382324 -0.044591 0.922952
vn 0.379321 -0.132312 0.915756
vn 0.700877 -0.132273 0.700910
vn 0.706402 -0.044539 0.706408
vn 0.379321 -0.132312 0.915756
vn 0.372361 -0.230613 0.898980
vn 0.688026 -0.230657 0.688054
vn 0.700877 -0.132273 0.700910
vn 0.372361 -0.230613 0.898980
vn 0.364240 -0.306723 0.879346
vn 0.673022 -0.306789 0.672995
vn 0.688026 -0.230657 0.688054
vn 0.364240 -0.306723 0.879346
vn 0.356255 -0.365175 0.860075
vn 0.658315 -0.365129 0.658256
vn 0.673022 -0.306789 0.672995
vn 0.356255 -0.365175 0.860075
vn 0.349138 -0.409414 0.842901
vn 0.645154 -0.409371 0.645130
vn 0.658315 -0.365129 0.658256
vn 0.349138 -0.409414 0.842901
vn 0.343191 -0.442456 0.828525
vn 0.634120 -0.442425 0.634155
vn 0.645154 -0.409371 0.645130
vn 0.343191 -0.442456 0.828525
vn 0.338531 -0.466241 0.817323
vn 0.625520 -0.466230 0.625583
vn 0.634120 -0.442425 0.634155
vn 0.338531 -0.466241 0.817323
vn 0.335263 -0.482044 0.809464
vn 0.619494 -0.482087 0.619531
vn 0.625520 -0.466230 0.625583
vn 0.335263 -0.482044 0.809464
vn 0.333390 -0.490912 0.804896
vn 0.616037 -0.490932 0.616023
vn 0.619494 -0.482087 0.619531
vn 0.333390 -0.490912 0.804896
vn 0.332960 -0.492931 0.803839
vn 0.615244 -0.492909 0.615236
vn 0.616037 -0.490932 0.616023
vn 0.332960 -0.492931 0.803839
vn 0.334129 -0.487555 0.806628
vn 0.617335 -0.487595 0.617372
vn 0.615244 -0.492909 0.615236
vn 0.334129 -0.487555 0.806628
vn 0.337024 -0.473980 0.813485
vn 0.622601 -0.474000 0.622649
vn 0.617335 -0.487595 0.617372
vn 0.337024 -0.473980 0.813485
vn 0.341735 -0.450399 0.824838
vn 0.631313 -0.450333 0.631382
vn 0.622601 -0.474000 0.622649
vn 0.341735 -0.450399 0.824838
vn 0.348455 -0.413398 0.841238
vn 0.643847 -0.413388 0.643872
vn 0.631313 -0.450333 0.631382
vn 0.348455 -0.413398 0.841238
vn 0.357329 -0.357784 0.862732
vn 0.660333 -0.357824 0.660244
vn 0.643847 -0.413388 0.643872
vn 0.357329 -0.357784 0.862732
vn 0.367983 -0.274941 0.888254
vn 0.679856 -0.274924 0.679862
vn 0.660333 -0.357824 0.660244
vn 0.367983 -0.274941 0.888254
vn 0.378382 -0.151104 0.913233
vn 0.698857 -0.150969 0.699148
vn 0.679856 -0.274924 0.679862
vn 0.378382 -0.151104 0.913233
vn 0.382491 -0.034349 0.923320
vn 0.706521 -0.034246 0.706863
vn 0.698857 -0.150969 0.699148
vn 0.382491 -0.034349 0.923320
vn 0.379141 0.135946 0.915298
vn 0.700497 0.135960 0.700584
vn 0.706521 -0.034246 0.706863
vn 0.706743 0.032007 0.706746
vn 0.706402 -0.044539 0.706408
vn 0.922956 -0.044513 0.382323
vn 0.923391 0.031958 0.382528
vn 0.706402 -0.044539 0.706408
vn 0.700877 -0.132273 0.700910
vn 0.915756 -0.132288 0.379329
vn 0.922956 -0.044513 0.382323
vn 0.700877 -0.132273 0.700910
vn 0.688026 -0.230657 0.688054
vn 0.898956 -0.230698 0.372367
vn 0.915756 -0.132288 0.379329
vn 0.688026 -0.230657 0.688054
vn 0.673022 -0.306789 0.672995
vn 0.879321 -0.306781 0.364252
vn 0.898956 -0.230698 0.372367
vn 0.673022 -0.306789 0.672995
vn 0.658315 -0.365129 0.658256
vn 0.860080 -0.365129 0.356290
vn 0.879321 -0.306781 0.364252
vn 0.658315 -0.365129 0.658256
vn 0.645154 -0.409371 0.645130
vn 0.842912 -0.409382 0.349150
vn 0.860080 -0.365129 0.356290
vn 0.645154 -0.409371 0.645130
vn 0.634120 -0.442425 0.634155
vn 0.828555 -0.442393 0.343197
vn 0.842912 -0.409382 0.349150
vn 0.634120 -0.442425 0.634155
vn 0.625520 -0.466230 0.625583
vn 0.817321 -0.466225 0.338556
vn 0.828555 -0.442393 0.343197
vn 0.625520 -0.466230 0.625583
vn 0.619494 -0.482087 0.619531
vn 0.809408 -0.482143 0.335258
vn 0.817321 -0.466225 0.338556
vn 0.619494 -0.482087 0.619531
vn 0.616037 -0.490932 0.616023
vn 0.804890 -0.490935 0.333369
vn 0.809408 -0.482143 0.335258
vn 0.616037 -0.490932 0.616023
vn 0.615244 -0.492909 0.615236
vn 0.803885 -0.492848 0.332971
vn 0.804890 -0.490935 0.333369
vn 0.615244 -0.492909 0.615236
vn 0.617335 -0.487595 0.617372
vn 0.806615 -0.487562 0.334147
vn 0.803885 -0.492848 0.332971
vn 0.617335 -0.487595 0.617372
vn 0.622601 -0.474000 0.622649
vn 0.813473 -0.473982 0.337050
vn 0.806615 -0.487562 0.334147
vn 0.622601 -0.474000 0.622649
vn 0.631313 -0.450333 0.631382
vn 0.824846 -0.450349 0.341781
vn 0.813473 -0.473982 0.337050
vn 0.631313 -0.450333 0.631382
vn 0.643847 -0.413388 0.643872
vn 0.841182 -0.413483 0.348490
vn 0.824846 -0.450349 0.341781
vn 0.643847 -0.413388 0.643872
vn 0.660333 -0.357824 0.660244
vn 0.862679 -0.357864 0.357378
vn 0.841182 -0.413483 0.348490
vn 0.660333 -0.357824 0.660244
vn 0.679856 -0.274924 0.679862
vn 0.888261 -0.274890 0.368005
vn 0.862679 -0.357864 0.357378
vn 0.679856 -0.274924 0.679862
vn 0.698857 -0.150969 0.699148
vn 0.913295 -0.150933 0.378302
vn 0.888261 -0.274890 0.368005
vn 0.698857 -0.150969 0.699148
vn 0.706521 -0.034246 0.706863
vn 0.923378 -0.034245 0.382362
vn 0.913295 -0.150933 0.378302
vn 0.706521 -0.034246 0.706863
vn 0.700497 0.135960 0.700584
vn 0.915306 0.136122 0.379060
vn 0.923378 -0.034245 0.382362
vn 0.923391 0.031958 0.382528
vn 0.922956 -0.044513 0.382323
vn 0.999008 -0.044531 -0.000003
vn 0.999490 0.031941 -0.000005
vn 0.922956 -0.044513 0.382323
vn 0.915756 -0.132288 0.379329
vn 0.991211 -0.132290 -0.000007
vn 0.999008 -0.044531 -0.000003
vn 0.915756 -0.132288 0.379329
vn 0.898956 -0.230698 0.372367
vn 0.973043 -0.230626 0.000016
vn 0.991211 -0.132290 -0.000007
vn 0.898956 -0.230698 0.372367
vn 0.879321 -0.306781 0.364252
vn 0.951794 -0.306737 0.000039
vn 0.973043 -0.230626 0.000016
vn 0.879321 -0.306781 0.364252
vn 0.860080 -0.365129 0.356290
vn 0.930931 -0.365195 0.000022
vn 0.951794 -0.306737 0.000039
vn 0.860080 -0.365129 0.356290
vn 0.842912 -0.409382 0.349150
vn 0.912335 -0.409444 -0.000002
vn 0.930931 -0.365195 0.000022
vn 0.842912 -0.409382 0.349150
vn 0.828555 -0.442393 0.343197
vn 0.896836 -0.442363 -0.000005
vn 0.912335 -0.409444 -0.000002
vn 0.828555 -0.442393 0.343197
vn 0.817321 -0.466225 0.338556
vn 0.884666 -0.466225 0.000014
vn 0.896836 -0.442363 -0.000005
vn 0.817321 -0.466225 0.338556
vn 0.809408 -0.482143 0.335258
vn 0.876067 -0.482189 0.000015
vn 0.884666 -0.466225 0.000014
vn 0.809408 -0.482143 0.335258
vn 0.804890 -0.490935 0.333369
vn 0.871211 -0.490909 -0.000006
vn 0.876067 -0.482189 0.000015
vn 0.804890 -0.490935 0.333369
vn 0.803885 -0.492848 0.332971
vn 0.870147 -0.492792 0.000005
vn 0.871211 -0.490909 -0.000006
vn 0.803885 -0.492848 0.332971
vn 0.806615 -0.487562 0.334147
vn 0.873107 -0.487529 0.000048
vn 0.870147 -0.492792 0.000005
vn 0.806615 -0.487562 0.334147
vn 0.813473 -0.473982 0.337050
vn 0.880540 -0.473971 0.000059
vn 0.873107 -0.487529 0.000048
vn 0.813473 -0.473982 0.337050
vn 0.824846 -0.450349 0.341781
vn 0.892852 -0.450350 0.000014
vn 0.880540 -0.473971 0.000059
vn 0.824846 -0.450349 0.341781
vn 0.841182 -0.413483 0.348490
vn 0.910513 -0.413481 0.000009
vn 0.892852 -0.450350 0.000014
vn 0.841182 -0.413483 0.348490
vn 0.862679 -0.357864 0.357378
vn 0.933752 -0.357920 0.000041
vn 0.910513 -0.413481 0.000009
vn 0.862679 -0.357864 0.357378
vn 0.888261 -0.274890 0.368005
vn 0.961437 -0.275027 -0.000005
vn 0.933752 -0.357920 0.000041
vn 0.888261 -0.274890 0.368005
vn 0.913295 -0.150933 0.378302
vn 0.988533 -0.151008 -0.000099
vn 0.961437 -0.275027 -0.000005
vn 0.913295 -0.150933 0.378302
vn 0.923378 -0.034245 0.382362
vn 0.999413 -0.034262 -0.000110
vn 0.988533 -0.151008 -0.000099
vn 0.923378 -0.034245 0.382362
vn 0.915306 0.136122 0.379060
vn 0.990651 0.136422 -0.000008
vn 0.999413 -0.034262 -0.000110
vn 0.999490 0.031941 -0.000005
vn 0.999008 -0.044531 -0.000003
vn 0.922963 -0.044580 -0.382297
vn 0.923405 0.032026 -0.382490
vn 0.999008 -0.044531 -0.000003
vn 0.991211 -0.132290 -0.000007
vn 0.915759 -0.132282 -0.379324
vn 0.922963 -0.044580 -0.382297
vn 0.991211 -0.132290 -0.000007
vn 0.973043 -0.230626 0.000016
vn 0.898991 -0.230542 -0.372378
vn 0.915759 -0.132282 -0.379324
vn 0.973043 -0.230626 0.000016
vn 0.951794 -0.306737 0.000039
vn 0.879326 -0.306775 -0.364246
vn 0.898991 -0.230542 -0.372378
vn 0.951794 -0.306737 0.000039
vn 0.930931 -0.365195 0.000022
vn 0.860058 -0.365197 -0.356275
vn 0.879326 -0.306775 -0.364246
vn 0.930931 -0.365195 0.000022
vn 0.912335 -0.409444 -0.000002
vn 0.842901 -0.409418 -0.349135
vn 0.860058 -0.365197 -0.356275
vn 0.912335 -0.409444 -0.000002
vn 0.896836 -0.442363 -0.000005
vn 0.828570 -0.442372 -0.343190
vn 0.842901 -0.409418 -0.349135
vn 0.896836 -0.442363 -0.000005
vn 0.884666 -0.466225 0.000014
vn 0.817314 -0.466243 -0.338548
vn 0.828570 -0.442372 -0.343190
vn 0.884666 -0.466225 0.000014
vn 0.876067 -0.482189 0.000015
vn 0.809373 -0.482209 -0.335247
vn 0.817314 -0.466243 -0.338548
vn 0.876067 -0.482189 0.000015
vn 0.871211 -0.490909 -0.000006
vn 0.804892 -0.490925 -0.333378
vn 0.809373 -0.482209 -0.335247
vn 0.871211 -0.490909 -0.000006
vn 0.870147 -0.492792 0.000005
vn 0.803903 -0.492799 -0.333001
vn 0.804892 -0.490925 -0.333378
vn 0.870147 -0.492792 0.000005
vn 0.873107 -0.487529 0.000048
vn 0.806644 -0.487502 -0.334166
vn 0.803903 -0.492799 -0.333001
vn 0.873107 -0.487529 0.000048
vn 0.880540 -0.473971 0.000059
vn 0.813498 -0.473972 -0.337004
vn 0.806644 -0.487502 -0.334166
vn 0.880540 -0.473971 0.000059
vn 0.892852 -0.450350 0.000014
vn 0.824875 -0.450348 -0.341713
vn 0.813498 -0.473972 -0.337004
vn 0.892852 -0.450350 0.000014
vn 0.910513 -0.413481 0.000009
vn 0.841205 -0.413456 -0.348466
vn 0.824875 -0.450348 -0.341713
vn 0.910513 -0.413481 0.000009
vn 0.933752 -0.357920 0.000041
vn 0.862640 -0.357964 -0.357371
vn 0.841205 -0.413456 -0.348466
vn 0.933752 -0.357920 0.000041
vn 0.961437 -0.275027 -0.000005
vn 0.888247 -0.275037 -0.367930
vn 0.862640 -0.357964 -0.357371
vn 0.961437 -0.275027 -0.000005
vn 0.988533 -0.151008 -0.000099
vn 0.913334 -0.151008 -0.378177
vn 0.888247 -0.275037 -0.367930
vn 0.988533 -0.151008 -0.000099
vn 0.999413 -0.034262 -0.000110
vn 0.923383 -0.034310 -0.382345
vn 0.913334 -0.151008 -0.378177
vn 0.999413 -0.034262 -0.000110
vn 0.990651 0.136422 -0.000008
vn 0.915234 0.136573 -0.379070
vn 0.923383 -0.034310 -0.382345
vn 0.923405 0.032026 -0.382490
vn 0.922963 -0.044580 -0.382297
vn 0.706401 -0.044612 -0.706404
vn 0.706754 0.032063 -0.706732
vn 0.922963 -0.044580 -0.382297
vn 0.915759 -0.132282 -0.379324
vn 0.700877 -0.132322 -0.700901
vn 0.706401 -0.044612 -0.706404
vn 0.915759 -0.132282 -0.379324
vn 0.898991 -0.230542 -0.372378
vn 0.688039 -0.230559 -0.688074
vn 0.700877 -0.132322 -0.700901
vn 0.898991 -0.230542 -0.372378
vn 0.879326 -0.306775 -0.364246
vn 0.673002 -0.306764 -0.673027
vn 0.688039 -0.230559 -0.688074
vn 0.879326 -0.306775 -0.364246
vn 0.860058 -0.365197 -0.356275
vn 0.658289 -0.365124 -0.658286
vn 0.673002 -0.306764 -0.673027
vn 0.860058 -0.365197 -0.356275
vn 0.842901 -0.409418 -0.349135
vn 0.645141 -0.409390 -0.645130
vn 0.658289 -0.365124 -0.658286
vn 0.842901 -0.409418 -0.349135
vn 0.828570 -0.442372 -0.343190
vn 0.634128 -0.442424 -0.634147
vn 0.645141 -0.409390 -0.645130
vn 0.828570 -0.442372 -0.343190
vn 0.817314 -0.466243 -0.338548
vn 0.625530 -0.466238 -0.625567
vn 0.634128 -0.442424 -0.634147
vn 0.817314 -0.466243 -0.338548
vn 0.809373 -0.482209 -0.335247
vn 0.619481 -0.482176 -0.619475
vn 0.625530 -0.466238 -0.625567
vn 0.809373 -0.482209 -0.335247
vn 0.804892 -0.490925 -0.333378
vn 0.616028 -0.490976 -0.615997
vn 0.619481 -0.482176 -0.619475
vn 0.804892 -0.490925 -0.333378
vn 0.803903 -0.492799 -0.333001
vn 0.615268 -0.492821 -0.615282
vn 0.616028 -0.490976 -0.615997
vn 0.803903 -0.492799 -0.333001
vn 0.806644 -0.487502 -0.334166
vn 0.617393 -0.487452 -0.617427
vn 0.615268 -0.492821 -0.615282
vn 0.806644 -0.487502 -0.334166
vn 0.813498 -0.473972 -0.337004
vn 0.622599 -0.473991 -0.622658
vn 0.617393 -0.487452 -0.617427
vn 0.813498 -0.473972 -0.337004
vn 0.824875 -0.450348 -0.341713
vn 0.631258 -0.450346 -0.631428
vn 0.622599 -0.473991 -0.622658
vn 0.824875 -0.450348 -0.341713
vn 0.841205 -0.413456 -0.348466
vn 0.643734 -0.413432 -0.643957
vn 0.631258 -0.450346 -0.631428
vn 0.841205 -0.413456 -0.348466
vn 0.862640 -0.357964 -0.357371
vn 0.660203 -0.357964 -0.660298
vn 0.643734 -0.413432 -0.643957
vn 0.862640 -0.357964 -0.357371
vn 0.888247 -0.275037 -0.367930
vn 0.679911 -0.274933 -0.679803
vn 0.660203 -0.357964 -0.660298
vn 0.888247 -0.275037 -0.367930
vn 0.913334 -0.151008 -0.378177
vn 0.699043 -0.151003 -0.698955
vn 0.679911 -0.274933 -0.679803
vn 0.913334 -0.151008 -0.378177
vn 0.923383 -0.034310 -0.382345
vn 0.706640 -0.034404 -0.706736
vn 0.699043 -0.151003 -0.698955
vn 0.923383 -0.034310 -0.382345
vn 0.915234 0.136573 -0.379070
vn 0.700433 0.136799 -0.700486
vn 0.706640 -0.034404 -0.706736
vn 0.706754 0.032063 -0.706732
vn 0.706401 -0.044612 -0.706404
vn 0.382298 -0.044632 -0.922961
vn 0.382487 0.032054 -0.923405
vn 0.706401 -0.044612 -0.706404
vn 0.700877 -0.132322 -0.700901
vn 0.379321 -0.132298 -0.915758
vn 0.382298 -0.044632 -0.922961
vn 0.700877 -0.132322 -0.700901
vn 0.688039 -0.230559 -0.688074
vn 0.372397 -0.230564 -0.898978
vn 0.379321 -0.132298 -0.915758
vn 0.688039 -0.230559 -0.688074
vn 0.673002 -0.306764 -0.673027
vn 0.364264 -0.306759 -0.879324
vn 0.372397 -0.230564 -0.898978
vn 0.673002 -0.306764 -0.673027
vn 0.658289 -0.365124 -0.658286
vn 0.356286 -0.365086 -0.860100
vn 0.364264 -0.306759 -0.879324
vn 0.658289 -0.365124 -0.658286
vn 0.645141 -0.409390 -0.645130
vn 0.349141 -0.409435 -0.842890
vn 0.356286 -0.365086 -0.860100
vn 0.645141 -0.409390 -0.645130
vn 0.634128 -0.442424 -0.634147
vn 0.343173 -0.442460 -0.828529
vn 0.349141 -0.409435 -0.842890
vn 0.634128 -0.442424 -0.634147
vn 0.625530 -0.466238 -0.625567
vn 0.338541 -0.466213 -0.817334
vn 0.343173 -0.442460 -0.828529
vn 0.625530 -0.466238 -0.625567
vn 0.619481 -0.482176 -0.619475
vn 0.335270 -0.482166 -0.809388
vn 0.338541 -0.466213 -0.817334
vn 0.619481 -0.482176 -0.619475
vn 0.616028 -0.490976 -0.615997
vn 0.333385 -0.491025 -0.804828
vn 0.335270 -0.482166 -0.809388
vn 0.616028 -0.490976 -0.615997
vn 0.615268 -0.492821 -0.615282
vn 0.332990 -0.492813 -0.803899
vn 0.333385 -0.491025 -0.804828
vn 0.615268 -0.492821 -0.615282
vn 0.617393 -0.487452 -0.617427
vn 0.334156 -0.487412 -0.806703
vn 0.332990 -0.492813 -0.803899
vn 0.617393 -0.487452 -0.617427
vn 0.622599 -0.473991 -0.622658
vn 0.336950 -0.474051 -0.813474
vn 0.334156 -0.487412 -0.806703
vn 0.622599 -0.473991 -0.622658
vn 0.631258 -0.450346 -0.631428
vn 0.341645 -0.450356 -0.824898
vn 0.336950 -0.474051 -0.813474
vn 0.631258 -0.450346 -0.631428
vn 0.643734 -0.413432 -0.643957
vn 0.348443 -0.413361 -0.841261
vn 0.341645 -0.450356 -0.824898
vn 0.643734 -0.413432 -0.643957
vn 0.660203 -0.357964 -0.660298
vn 0.357363 -0.357922 -0.862661
vn 0.348443 -0.413361 -0.841261
vn 0.660203 -0.357964 -0.660298
vn 0.679911 -0.274933 -0.679803
vn 0.367950 -0.274975 -0.888258
vn 0.357363 -0.357922 -0.862661
vn 0.679911 -0.274933 -0.679803
vn 0.699043 -0.151003 -0.698955
vn 0.378323 -0.151002 -0.913274
vn 0.367950 -0.274975 -0.888258
vn 0.699043 -0.151003 -0.698955
vn 0.706640 -0.034404 -0.706736
vn 0.382535 -0.034355 -0.923302
vn 0.378323 -0.151002 -0.913274
vn 0.706640 -0.034404 -0.706736
vn 0.700433 0.136799 -0.700486
vn 0.379117 0.136837 -0.915175
vn 0.382535 -0.034355 -0.923302
vn -0.000016 0.184856 -0.982766
vn 0.376092 0.184843 -0.907958
vn 0.382487 0.032054 -0.923405
vn -0.000004 0.032134 -0.999484
vn -0.376085 0.184829 -0.907964
vn -0.000016 0.184856 -0.982766
vn -0.000004 0.032134 -0.999484
vn -0.382493 0.032166 -0.923398
vn -0.694910 0.184832 -0.694936
vn -0.376085 0.184829 -0.907964
vn -0.382493 0.032166 -0.923398
vn -0.706742 0.032044 -0.706745
vn -0.907956 0.184855 -0.376091
vn -0.694910 0.184832 -0.694936
vn -0.706742 0.032044 -0.706745
vn -0.923404 0.031977 -0.382496
vn -0.982764 0.184866 -0.000002
vn -0.907956 0.184855 -0.376091
vn -0.923404 0.031977 -0.382496
vn -0.999487 0.032038 -0.000023
vn -0.907955 0.184906 0.376068
vn -0.982764 0.184866 -0.000002
vn -0.999487 0.032038 -0.000023
vn -0.923410 0.032015 0.382476
vn -0.694914 0.184880 0.694920
vn -0.907955 0.184906 0.376068
vn -0.923410 0.032015 0.382476
vn -0.706733 0.031947 0.706758
vn -0.376076 0.184844 0.907965
vn -0.694914 0.184880 0.694920
vn -0.706733 0.031947 0.706758
vn -0.382490 0.031993 0.923406
vn -0.000022 0.184840 0.982769
vn -0.376076 0.184844 0.907965
vn -0.382490 0.031993 0.923406
vn -0.000011 0.032027 0.999487
vn 0.376100 0.184791 0.907965
vn -0.000022 0.184840 0.982769
vn -0.000011 0.032027 0.999487
vn 0.382512 0.032012 0.923396
vn 0.694928 0.184769 0.694936
vn 0.376100 0.184791 0.907965
vn 0.382512 0.032012 0.923396
vn 0.706743 0.032007 0.706746
vn 0.907948 0.184799 0.376138
vn 0.694928 0.184769 0.694936
vn 0.706743 0.032007 0.706746
vn 0.923391 0.031958 0.382528
vn 0.982771 0.184826 -0.000020
vn 0.907948 0.184799 0.376138
vn 0.923391 0.031958 0.382528
vn 0.999490 0.031941 -0.000005
vn 0.907949 0.184846 -0.376112
vn 0.982771 0.184826 -0.000020
vn 0.999490 0.031941 -0.000005
vn 0.923405 0.032026 -0.382490
vn 0.694941 0.184842 -0.694903
vn 0.907949 0.184846 -0.376112
vn 0.923405 0.032026 -0.382490
vn 0.706754 0.032063 -0.706732
vn 0.376092 0.184843 -0.907958
vn 0.694941 0.184842 -0.694903
vn 0.706754 0.032063 -0.706732
vn 0.382487 0.032054 -0.923405
vn -0.000005 0.426210 -0.904624
vn 0.346186 0.426225 -0.835756
vn 0.376092 0.184843 -0.907958
vn -0.000016 0.184856 -0.982766
vn 0.000004 0.682844 -0.730565
vn 0.279570 0.682865 -0.674934
vn 0.346186 0.426225 -0.835756
vn -0.000005 0.426210 -0.904624
vn 0.000002 0.878890 -0.477024
vn 0.182556 0.878894 -0.440702
vn 0.279570 0.682865 -0.674934
vn 0.000004 0.682844 -0.730565
vn -0.000001 0.976085 -0.217390
vn 0.083207 0.976081 -0.200856
vn 0.182556 0.878894 -0.440702
vn 0.000002 0.878890 -0.477024
vn -0.000001 0.998835 -0.048251
vn 0.018463 0.998835 -0.044574
vn 0.083207 0.976081 -0.200856
vn -0.000001 0.976085 -0.217390
vn -0.346184 0.426214 -0.835762
vn -0.000005 0.426210 -0.904624
vn -0.000016 0.184856 -0.982766
vn -0.376085 0.184829 -0.907964
vn -0.279580 0.682848 -0.674947
vn 0.000004 0.682844 -0.730565
vn -0.000005 0.426210 -0.904624
vn -0.346184 0.426214 -0.835762
vn -0.182553 0.878894 -0.440703
vn 0.000002 0.878890 -0.477024
vn 0.000004 0.682844 -0.730565
vn -0.279580 0.682848 -0.674947
vn -0.083193 0.976086 -0.200834
vn -0.000001 0.976085 -0.217390
vn 0.000002 0.878890 -0.477024
vn -0.182553 0.878894 -0.440703
vn -0.024623 0.997928 -0.059441
vn -0.000001 0.998835 -0.048251
vn -0.000001 0.976085 -0.217390
vn -0.083193 0.976086 -0.200834
vn -0.639646 0.426275 -0.639643
vn -0.346184 0.426214 -0.835762
vn -0.376085 0.184829 -0.907964
vn -0.694910 0.184832 -0.694936
vn -0.516600 0.682845 -0.516572
vn -0.279580 0.682848 -0.674947
vn -0.346184 0.426214 -0.835762
vn -0.639646 0.426275 -0.639643
vn -0.337312 0.878894 -0.337292
vn -0.182553 0.878894 -0.440703
vn -0.279580 0.682848 -0.674947
vn -0.516600 0.682845 -0.516572
vn -0.153714 0.976087 -0.153710
vn -0.083193 0.976086 -0.200834
vn -0.182553 0.878894 -0.440703
vn -0.337312 0.878894 -0.337292
vn -0.034125 0.998835 -0.034126
vn -0.024623 0.997928 -0.059441
vn -0.083193 0.976086 -0.200834
vn -0.153714 0.976087 -0.153710
vn -0.835714 0.426316 -0.346174
vn -0.639646 0.426275 -0.639643
vn -0.694910 0.184832 -0.694936
vn -0.907956 0.184855 -0.376091
vn -0.674957 0.682838 -0.279581
vn -0.516600 0.682845 -0.516572
vn -0.639646 0.426275 -0.639643
vn -0.835714 0.426316 -0.346174
vn -0.440738 0.878876 -0.182556
vn -0.337312 0.878894 -0.337292
vn -0.516600 0.682845 -0.516572
vn -0.674957 0.682838 -0.279581
vn -0.200846 0.976084 -0.083194
vn -0.153714 0.976087 -0.153710
vn -0.337312 0.878894 -0.337292
vn -0.440738 0.878876 -0.182556
vn -0.044578 0.998835 -0.018467
vn -0.034125 0.998835 -0.034126
vn -0.153714 0.976087 -0.153710
vn -0.200846 0.976084 -0.083194
vn -0.904577 0.426311 0.000010
vn -0.835714 0.426316 -0.346174
vn -0.907956 0.184855 -0.376091
vn -0.982764 0.184866 -0.000002
vn -0.730592 0.682815 0.000001
vn -0.674957 0.682838 -0.279581
vn -0.835714 0.426316 -0.346174
vn -0.904577 0.426311 0.000010
vn -0.477057 0.878872 -0.000012
vn -0.440738 0.878876 -0.182556
vn -0.674957 0.682838 -0.279581
vn -0.730592 0.682815 0.000001
vn -0.217389 0.976085 -0.000008
vn -0.200846 0.976084 -0.083194
vn -0.440738 0.878876 -0.182556
vn -0.477057 0.878872 -0.000012
vn -0.048246 0.998835 -0.000000
vn -0.044578 0.998835 -0.018467
vn -0.200846 0.976084 -0.083194
vn -0.217389 0.976085 -0.000008
vn -0.835706 0.426353 0.346149
vn -0.904577 0.426311 0.000010
vn -0.982764 0.184866 -0.000002
vn -0.907955 0.184906 0.376068
vn -0.674992 0.682796 0.279598
vn -0.730592 0.682815 0.000001
vn -0.904577 0.426311 0.000010
vn -0.835706 0.426353 0.346149
vn -0.440765 0.878857 0.182584
vn -0.477057 0.878872 -0.000012
vn -0.730592 0.682815 0.000001
vn -0.674992 0.682796 0.279598
vn -0.200829 0.976088 0.083186
vn -0.217389 0.976085 -0.000008
vn -0.477057 0.878872 -0.000012
vn -0.440765 0.878857 0.182584
vn -0.059426 0.997929 0.024614
vn -0.048246 0.998835 -0.000000
vn -0.217389 0.976085 -0.000008
vn -0.200829 0.976088 0.083186
vn -0.639625 0.426381 0.639593
vn -0.835706 0.426353 0.346149
vn -0.907955 0.184906 0.376068
vn -0.694914 0.184880 0.694920
vn -0.516607 0.682847 0.516562
vn -0.674992 0.682796 0.279598
vn -0.835706 0.426353 0.346149
vn -0.639625 0.426381 0.639593
vn -0.337358 0.878858 0.337340
vn -0.440765 0.878857 0.182584
vn -0.674992 0.682796 0.279598
vn -0.516607 0.682847 0.516562
vn -0.153701 0.976090 0.153704
vn -0.200829 0.976088 0.083186
vn -0.440765 0.878857 0.182584
vn -0.337358 0.878858 0.337340
vn -0.034115 0.998835 0.034118
vn -0.059426 0.997929 0.024614
vn -0.200829 0.976088 0.083186
vn -0.153701 0.976090 0.153704
vn -0.346168 0.426312 0.835719
vn -0.639625 0.426381 0.639593
vn -0.694914 0.184880 0.694920
vn -0.376076 0.184844 0.907965
vn -0.279575 0.682882 0.674915
vn -0.516607 0.682847 0.516562
vn -0.639625 0.426381 0.639593
vn -0.346168 0.426312 0.835719
vn -0.182560 0.878877 0.440734
vn -0.337358 0.878858 0.337340
vn -0.516607 0.682847 0.516562
vn -0.279575 0.682882 0.674915
vn -0.083180 0.976090 0.200822
vn -0.153701 0.976090 0.153704
vn -0.337358 0.878858 0.337340
vn -0.182560 0.878877 0.440734
vn -0.018463 0.998835 0.044578
vn -0.034115 0.998835 0.034118
vn -0.153701 0.976090 0.153704
vn -0.083180 0.976090 0.200822
vn -0.000014 0.426317 0.904574
vn -0.346168 0.426312 0.835719
vn -0.376076 0.184844 0.907965
vn -0.000022 0.184840 0.982769
vn 0.000014 0.682916 0.730497
vn -0.279575 0.682882 0.674915
vn -0.346168 0.426312 0.835719
vn -0.000014 0.426317 0.904574
vn 0.000016 0.878871 0.477059
vn -0.182560 0.878877 0.440734
vn -0.279575 0.682882 0.674915
vn 0.000014 0.682916 0.730497
vn 0.000002 0.976086 0.217387
vn -0.083180 0.976090 0.200822
vn -0.182560 0.878877 0.440734
vn 0.000016 0.878871 0.477059
vn -0.000002 0.998835 0.048247
vn -0.018463 0.998835 0.044578
vn -0.083180 0.976090 0.200822
vn 0.000002 0.976086 0.217387
vn 0.346152 0.426389 0.835686
vn -0.000014 0.426317 0.904574
vn -0.000022 0.184840 0.982769
vn 0.376100 0.184791 0.907965
vn 0.279555 0.682917 0.674887
vn 0.000014 0.682916 0.730497
vn -0.000014 0.426317 0.904574
vn 0.346152 0.426389 0.835686
vn 0.182578 0.878848 0.440784
vn 0.000016 0.878871 0.477059
vn 0.000014 0.682916 0.730497
vn 0.279555 0.682917 0.674887
vn 0.083183 0.976088 0.200832
vn 0.000002 0.976086 0.217387
vn 0.000016 0.878871 0.477059
vn 0.182578 0.878848 0.440784
vn 0.024616 0.997929 0.059426
vn -0.000002 0.998835 0.048247
vn 0.000002 0.976086 0.217387
vn 0.083183 0.976088 0.200832
vn 0.639609 0.426385 0.639606
vn 0.346152 0.426389 0.835686
vn 0.376100 0.184791 0.907965
vn 0.694928 0.184769 0.694936
vn 0.516568 0.682865 0.516578
vn 0.279555 0.682917 0.674887
vn 0.346152 0.426389 0.835686
vn 0.639609 0.426385 0.639606
vn 0.337347 0.878854 0.337360
vn 0.182578 0.878848 0.440784
vn 0.279555 0.682917 0.674887
vn 0.516568 0.682865 0.516578
vn 0.153692 0.976094 0.153688
vn 0.083183 0.976088 0.200832
vn 0.182578 0.878848 0.440784
vn 0.337347 0.878854 0.337360
vn 0.034121 0.998835 0.034120
vn 0.024616 0.997929 0.059426
vn 0.083183 0.976088 0.200832
vn 0.153692 0.976094 0.153688
vn 0.835673 0.426393 0.346178
vn 0.639609 0.426385 0.639606
vn 0.694928 0.184769 0.694936
vn 0.907948 0.184799 0.376138
vn 0.674924 0.682874 0.279572
vn 0.516568 0.682865 0.516578
vn 0.639609 0.426385 0.639606
vn 0.835673 0.426393 0.346178
vn 0.440727 0.878884 0.182545
vn 0.337347 0.878854 0.337360
vn 0.516568 0.682865 0.516578
vn 0.674924 0.682874 0.279572
vn 0.200827 0.976089 0.083175
vn 0.153692 0.976094 0.153688
vn 0.337347 0.878854 0.337360
vn 0.440727 0.878884 0.182545
vn 0.044589 0.998835 0.018469
vn 0.034121 0.998835 0.034120
vn 0.153692 0.976094 0.153688
vn 0.200827 0.976089 0.083175
vn 0.904531 0.426409 -0.000025
vn 0.835673 0.426393 0.346178
vn 0.907948 0.184799 0.376138
vn 0.982771 0.184826 -0.000020
vn 0.730518 0.682893 -0.000022
vn 0.674924 0.682874 0.279572
vn 0.835673 0.426393 0.346178
vn 0.904531 0.426409 -0.000025
vn 0.477032 0.878886 -0.000012
vn 0.440727 0.878884 0.182545
vn 0.674924 0.682874 0.279572
vn 0.730518 0.682893 -0.000022
vn 0.217392 0.976084 -0.000003
vn 0.200827 0.976089 0.083175
vn 0.440727 0.878884 0.182545
vn 0.477032 0.878886 -0.000012
vn 0.048264 0.998835 -0.000000
vn 0.044589 0.998835 0.018469
vn 0.200827 0.976089 0.083175
vn 0.217392 0.976084 -0.000003
vn 0.835716 0.426304 -0.346186
vn 0.904531 0.426409 -0.000025
vn 0.982771 0.184826 -0.000020
vn 0.907949 0.184846 -0.376112
vn 0.674944 0.682857 -0.279565
vn 0.730518 0.682893 -0.000022
vn 0.904531 0.426409 -0.000025
vn 0.835716 0.426304 -0.346186
vn 0.440718 0.878889 -0.182544
vn 0.477032 0.878886 -0.000012
vn 0.730518 0.682893 -0.000022
vn 0.674944 0.682857 -0.279565
vn 0.200845 0.976084 -0.083193
vn 0.217392 0.976084 -0.000003
vn 0.477032 0.878886 -0.000012
vn 0.440718 0.878889 -0.182544
vn 0.059439 0.997928 -0.024618
vn 0.048264 0.998835 -0.000000
vn 0.217392 0.976084 -0.000003
vn 0.200845 0.976084 -0.083193
vn 0.639684 0.426221 -0.639640
vn 0.835716 0.426304 -0.346186
vn 0.907949 0.184846 -0.376112
vn 0.694941 0.184842 -0.694903
vn 0.516586 0.682873 -0.516550
vn 0.674944 0.682857 -0.279565
vn 0.835716 0.426304 -0.346186
vn 0.639684 0.426221 -0.639640
vn 0.337292 0.878907 -0.337278
vn 0.440718 0.878889 -0.182544
vn 0.674944 0.682857 -0.279565
vn 0.516586 0.682873 -0.516550
vn 0.153734 0.976080 -0.153730
vn 0.200845 0.976084 -0.083193
vn 0.440718 0.878889 -0.182544
vn 0.337292 0.878907 -0.337278
vn 0.034119 0.998835 -0.034115
vn 0.059439 0.997928 -0.024618
vn 0.200845 0.976084 -0.083193
vn 0.153734 0.976080 -0.153730
vn 0.346186 0.426225 -0.835756
vn 0.639684 0.426221 -0.639640
vn 0.694941 0.184842 -0.694903
vn 0.376092 0.184843 -0.907958
vn 0.279570 0.682865 -0.674934
vn 0.516586 0.682873 -0.516550
vn 0.639684 0.426221 -0.639640
vn 0.346186 0.426225 -0.835756
vn 0.182556 0.878894 -0.440702
vn 0.337292 0.878907 -0.337278
vn 0.516586 0.682873 -0.516550
vn 0.279570 0.682865 -0.674934
vn 0.083207 0.976081 -0.200856
vn 0.153734 0.976080 -0.153730
vn 0.337292 0.878907 -0.337278
vn 0.182556 0.878894 -0.440702
vn 0.018463 0.998835 -0.044574
vn 0.034119 0.998835 -0.034115
vn 0.153734 0.976080 -0.153730
vn 0.083207 0.976081 -0.200856
vn 0.048264 0.998835 -0.000000
vn 0.059439 0.997928 -0.024618
vn 0.034119 0.998835 -0.034115
vn -0.000000 1.000000 0.000001
vn -0.000000 1.000000 0.000001
vn -0.000000 1.000000 0.000001
vn 0.034119 0.998835 -0.034115
vn 0.018463 0.998835 -0.044574
vn -0.000001 0.998835 -0.048251
vn -0.024623 0.997928 -0.059441
vn -0.034125 0.998835 -0.034126
vn 0.000001 1.000000 0.000002
vn -0.000000 1.000000 0.000001
vn 0.018463 0.998835 -0.044574
vn -0.000001 0.998835 -0.048251
vn 0.000001 1.000000 0.000002
vn 0.048264 0.998835 -0.000000
vn -0.000000 1.000000 0.000001
vn -0.000001 1.000000 -0.000001
vn 0.044589 0.998835 0.018469
vn -0.000000 1.000000 0.000001
vn -0.000001 1.000000 -0.000001
vn -0.000000 1.000000 0.000001
vn -0.000000 1.000000 0.000001
vn -0.034125 0.998835 -0.034126
vn -0.044578 0.998835 -0.018467
vn 0.000001 1.000000 0.000001
vn 0.000001 1.000000 0.000002
vn -0.000000 1.000000 0.000001
vn -0.000000 1.000000 0.000001
vn 0.000001 1.000000 0.000002
vn 0.000001 1.000000 0.000001
vn 0.034121 0.998835 0.034120
vn 0.044589 0.998835 0.018469
vn -0.000001 1.000000 -0.000001
vn -0.000002 1.000000 -0.000001
vn -0.000002 0.998835 0.048247
vn 0.024616 0.997929 0.059426
vn 0.034121 0.998835 0.034120
vn -0.000002 1.000000 -0.000001
vn -0.000002 1.000000 -0.000001
vn -0.000001 1.000000 -0.000001
vn -0.000000 1.000000 0.000001
vn 0.000001 1.000000 -0.000000
vn -0.000002 0.998835 0.048247
vn -0.000002 1.000000 -0.000001
vn 0.000001 1.000000 -0.000000
vn -0.018463 0.998835 0.044578
vn 0.000003 1.000000 -0.000000
vn 0.000001 1.000000 -0.000000
vn -0.000000 1.000000 0.000001
vn 0.000001 1.000000 0.000001
vn -0.034115 0.998835 0.034118
vn -0.018463 0.998835 0.044578
vn 0.000001 1.000000 -0.000000
vn 0.000003 1.000000 -0.000000
vn -0.048246 0.998835 -0.000000
vn 0.000003 1.000000 -0.000000
vn 0.000001 1.000000 0.000001
vn -0.044578 0.998835 -0.018467
vn -0.048246 0.998835 -0.000000
vn -0.059426 0.997929 0.024614
vn -0.034115 0.998835 0.034118
vn 0.000003 1.000000 -0.000000
vn -0.000005 0.968830 -0.247726
vn 0.094812 0.968811 -0.228946
vn -0.109756 0.958003 0.264922
vn 0.000001 0.958038 0.286640
vn 0.094812 0.968811 -0.228946
vn 0.175130 0.968836 -0.175173
vn -0.202837 0.957978 0.202820
vn -0.109756 0.958003 0.264922
vn 0.175130 0.968836 -0.175173
vn 0.228779 0.968855 -0.094764
vn -0.264989 0.957981 0.109786
vn -0.202837 0.957978 0.202820
vn 0.228779 0.968855 -0.094764
vn 0.247599 0.968863 0.000003
vn -0.286757 0.958003 0.000039
vn -0.264989 0.957981 0.109786
vn 0.247599 0.968863 0.000003
vn 0.228713 0.968872 0.094752
vn -0.264864 0.958024 -0.109715
vn -0.286757 0.958003 0.000039
vn 0.228713 0.968872 0.094752
vn 0.175071 0.968866 0.175069
vn -0.202703 0.958034 -0.202690
vn -0.264864 0.958024 -0.109715
vn 0.175071 0.968866 0.175069
vn 0.094779 0.968854 0.228778
vn -0.109722 0.958023 -0.264864
vn -0.202703 0.958034 -0.202690
vn 0.094779 0.968854 0.228778
vn 0.000014 0.968831 0.247723
vn 0.000018 0.957990 -0.286801
vn -0.109722 0.958023 -0.264864
vn 0.000014 0.968831 0.247723
vn -0.094838 0.968800 0.228980
vn 0.109808 0.957969 -0.265023
vn 0.000018 0.957990 -0.286801
vn -0.094838 0.968800 0.228980
vn -0.175181 0.968818 0.175225
vn 0.202890 0.957952 -0.202890
vn 0.109808 0.957969 -0.265023
vn -0.175181 0.968818 0.175225
vn -0.228837 0.968838 0.094800
vn 0.265007 0.957978 -0.109770
vn 0.202890 0.957952 -0.202890
vn -0.228837 0.968838 0.094800
vn -0.247718 0.968832 -0.000001
vn 0.286759 0.958003 0.000004
vn 0.265007 0.957978 -0.109770
vn -0.247718 0.968832 -0.000001
vn -0.228838 0.968841 -0.094768
vn 0.264917 0.958009 0.109711
vn 0.286759 0.958003 0.000004
vn -0.228838 0.968841 -0.094768
vn -0.175124 0.968843 -0.175143
vn 0.202724 0.958016 0.202751
vn 0.264917 0.958009 0.109711
vn -0.175124 0.968843 -0.175143
vn -0.094787 0.968835 -0.228855
vn 0.109695 0.958036 0.264830
vn 0.202724 0.958016 0.202751
vn -0.094787 0.968835 -0.228855
vn -0.000005 0.968830 -0.247726
vn 0.000001 0.958038 0.286640
vn 0.109695 0.958036 0.264830
vn 0.015152 -0.999202 -0.036948
vn -0.000047 -0.999163 -0.040897
vn -0.000018 -0.996099 0.088242
vn -0.033986 -0.996062 0.081887
vn -0.000047 -0.999163 -0.040897
vn -0.015748 -0.999154 -0.037992
vn 0.033725 -0.996108 0.081438
vn -0.000018 -0.996099 0.088242
vn -0.015748 -0.999154 -0.037992
vn -0.028954 -0.999160 -0.029003
vn 0.062341 -0.996106 0.062335
vn 0.033725 -0.996108 0.081438
vn -0.028954 -0.999160 -0.029003
vn -0.037691 -0.999167 -0.015624
vn 0.081482 -0.996103 0.033749
vn 0.062341 -0.996106 0.062335
vn -0.037691 -0.999167 -0.015624
vn -0.040386 -0.999184 -0.000070
vn 0.088380 -0.996087 -0.000039
vn 0.081482 -0.996103 0.033749
vn -0.040386 -0.999184 -0.000070
vn -0.036729 -0.999210 0.015155
vn 0.081937 -0.996059 -0.033963
vn 0.088380 -0.996087 -0.000039
vn -0.036729 -0.999210 0.015155
vn -0.028022 -0.999213 0.028078
vn 0.062758 -0.996055 -0.062730
vn 0.081937 -0.996059 -0.033963
vn -0.028022 -0.999213 0.028078
vn -0.015358 -0.999185 0.037336
vn 0.033860 -0.996088 -0.081626
vn 0.062758 -0.996055 -0.062730
vn -0.015358 -0.999185 0.037336
vn -0.000037 -0.999173 0.040656
vn -0.000030 -0.996096 -0.088277
vn 0.033860 -0.996088 -0.081626
vn -0.000037 -0.999173 0.040656
vn 0.015396 -0.999188 0.037243
vn -0.033878 -0.996076 -0.081759
vn -0.000030 -0.996096 -0.088277
vn 0.015396 -0.999188 0.037243
vn 0.028619 -0.999182 0.028552
vn -0.062476 -0.996086 -0.062523
vn -0.033878 -0.996076 -0.081759
vn 0.028619 -0.999182 0.028552
vn 0.037387 -0.999180 0.015531
vn -0.081634 -0.996090 -0.033781
vn -0.062476 -0.996086 -0.062523
vn 0.037387 -0.999180 0.015531
vn 0.040275 -0.999189 -0.000005
vn -0.088482 -0.996078 0.000002
vn -0.081634 -0.996090 -0.033781
vn 0.040275 -0.999189 -0.000005
vn 0.036899 -0.999203 -0.015205
vn -0.081892 -0.996063 0.033946
vn -0.088482 -0.996078 0.000002
vn 0.036899 -0.999203 -0.015205
vn 0.027861 -0.999225 -0.027814
vn -0.062857 -0.996040 0.062880
vn -0.081892 -0.996063 0.033946
vn 0.027861 -0.999225 -0.027814
vn 0.015152 -0.999202 -0.036948
vn -0.033986 -0.996062 0.081887
vn -0.062857 -0.996040 0.062880
vn 0.000003 0.612722 -0.790298
vn 0.000083 0.136408 -0.990653
vn 0.379117 0.136837 -0.915175
vn 0.302318 0.613008 -0.729949
vn -0.302488 0.612617 -0.730206
vn -0.379225 0.136242 -0.915219
vn 0.000083 0.136408 -0.990653
vn 0.000003 0.612722 -0.790298
vn -0.558774 0.612823 -0.558766
vn -0.700531 0.136476 -0.700450
vn -0.379225 0.136242 -0.915219
vn -0.302488 0.612617 -0.730206
vn -0.730052 0.612825 -0.302440
vn -0.915193 0.136472 -0.379206
vn -0.700531 0.136476 -0.700450
vn -0.558774 0.612823 -0.558766
vn -0.790331 0.612680 -0.000004
vn -0.990665 0.136319 -0.000009
vn -0.915193 0.136472 -0.379206
vn -0.730052 0.612825 -0.302440
vn -0.730127 0.612718 0.302476
vn -0.915232 0.136351 0.379155
vn -0.990665 0.136319 -0.000009
vn -0.790331 0.612680 -0.000004
vn -0.558809 0.612741 0.558821
vn -0.700495 0.136460 0.700489
vn -0.915232 0.136351 0.379155
vn -0.730127 0.612718 0.302476
vn -0.302426 0.612673 0.730185
vn -0.379120 0.136448 0.915232
vn -0.700495 0.136460 0.700489
vn -0.558809 0.612741 0.558821
vn 0.000081 0.612525 0.790451
vn 0.000075 0.136139 0.990690
vn -0.379120 0.136448 0.915232
vn -0.302426 0.612673 0.730185
vn 0.302553 0.612444 0.730325
vn 0.379141 0.135946 0.915298
vn 0.000075 0.136139 0.990690
vn 0.000081 0.612525 0.790451
vn 0.558964 0.612506 0.558923
vn 0.700497 0.135960 0.700584
vn 0.379141 0.135946 0.915298
vn 0.302553 0.612444 0.730325
vn 0.730183 0.612650 0.302478
vn 0.915306 0.136122 0.379060
vn 0.700497 0.135960 0.700584
vn 0.558964 0.612506 0.558923
vn 0.790193 0.612858 0.000038
vn 0.990651 0.136422 -0.000008
vn 0.915306 0.136122 0.379060
vn 0.730183 0.612650 0.302478
vn 0.729980 0.612943 -0.302372
vn 0.915234 0.136573 -0.379070
vn 0.990651 0.136422 -0.000008
vn 0.790193 0.612858 0.000038
vn 0.558633 0.613058 -0.558649
vn 0.700433 0.136799 -0.700486
vn 0.915234 0.136573 -0.379070
vn 0.729980 0.612943 -0.302372
vn 0.302318 0.613008 -0.729949
vn 0.379117 0.136837 -0.915175
vn 0.700433 0.136799 -0.700486
vn 0.558633 0.613058 -0.558649
vn -0.324686 0.529493 0.783719
vn -0.373918 -0.213108 0.902646
vn 0.000010 -0.213321 0.976982
vn 0.000003 0.529606 0.848244
vn -0.599821 0.529533 0.599841
vn -0.690846 -0.212969 0.690924
vn -0.373918 -0.213108 0.902646
vn -0.324686 0.529493 0.783719
vn -0.783668 0.529581 0.324666
vn -0.902643 -0.213129 0.373913
vn -0.690846 -0.212969 0.690924
vn -0.599821 0.529533 0.599841
vn -0.848307 0.529504 0.000097
vn -0.976972 -0.213370 0.000052
vn -0.902643 -0.213129 0.373913
vn -0.783668 0.529581 0.324666
vn -0.783735 0.529512 -0.324618
vn -0.902616 -0.213361 -0.373848
vn -0.976972 -0.213370 0.000052
vn -0.848307 0.529504 0.000097
vn -0.599851 0.529547 -0.599798
vn -0.690840 -0.213392 -0.690800
vn -0.902616 -0.213361 -0.373848
vn -0.783735 0.529512 -0.324618
vn -0.324654 0.529460 -0.783755
vn -0.373837 -0.213539 -0.902578
vn -0.690840 -0.213392 -0.690800
vn -0.599851 0.529547 -0.599798
vn 0.000069 0.529248 -0.848467
vn 0.000077 -0.213443 -0.976956
vn -0.373837 -0.213539 -0.902578
vn -0.324654 0.529460 -0.783755
vn 0.324696 0.529240 -0.783886
vn 0.373810 -0.213248 -0.902658
vn 0.000077 -0.213443 -0.976956
vn 0.000069 0.529248 -0.848467
vn 0.599940 0.529310 -0.599920
vn 0.690873 -0.213142 -0.690843
vn 0.373810 -0.213248 -0.902658
vn 0.324696 0.529240 -0.783886
vn 0.783817 0.529361 -0.324666
vn 0.902659 -0.213132 -0.373873
vn 0.690873 -0.213142 -0.690843
vn 0.599940 0.529310 -0.599920
vn 0.848324 0.529477 -0.000001
vn 0.977023 -0.213132 -0.000007
vn 0.902659 -0.213132 -0.373873
vn 0.783817 0.529361 -0.324666
vn 0.783764 0.529475 0.324609
vn 0.902642 -0.213169 0.373893
vn 0.977023 -0.213132 -0.000007
vn 0.848324 0.529477 -0.000001
vn 0.599812 0.529545 0.599840
vn 0.690824 -0.213285 0.690849
vn 0.902642 -0.213169 0.373893
vn 0.783764 0.529475 0.324609
vn 0.324599 0.529622 0.783668
vn 0.373868 -0.213339 0.902613
vn 0.690824 -0.213285 0.690849
vn 0.599812 0.529545 0.599840
vn 0.000003 0.529606 0.848244
vn 0.000010 -0.213321 0.976982
vn 0.373868 -0.213339 0.902613
vn 0.324599 0.529622 0.783668
vn -0.000005 0.968830 -0.247726
vn 0.000003 0.612722 -0.790298
vn 0.302318 0.613008 -0.729949
vn 0.094812 0.968811 -0.228946
vn -0.094787 0.968835 -0.228855
vn -0.302488 0.612617 -0.730206
vn 0.000003 0.612722 -0.790298
vn -0.000005 0.968830 -0.247726
vn -0.175124 0.968843 -0.175143
vn -0.558774 0.612823 -0.558766
vn -0.302488 0.612617 -0.730206
vn -0.094787 0.968835 -0.228855
vn -0.228838 0.968841 -0.094768
vn -0.730052 0.612825 -0.302440
vn -0.558774 0.612823 -0.558766
vn -0.175124 0.968843 -0.175143
vn -0.247718 0.968832 -0.000001
vn -0.790331 0.612680 -0.000004
vn -0.730052 0.612825 -0.302440
vn -0.228838 0.968841 -0.094768
vn -0.228837 0.968838 0.094800
vn -0.730127 0.612718 0.302476
vn -0.790331 0.612680 -0.000004
vn -0.247718 0.968832 -0.000001
vn -0.175181 0.968818 0.175225
vn -0.558809 0.612741 0.558821
vn -0.730127 0.612718 0.302476
vn -0.228837 0.968838 0.094800
vn -0.094838 0.968800 0.228980
vn -0.302426 0.612673 0.730185
vn -0.558809 0.612741 0.558821
vn -0.175181 0.968818 0.175225
vn 0.000014 0.968831 0.247723
vn 0.000081 0.612525 0.790451
vn -0.302426 0.612673 0.730185
vn -0.094838 0.968800 0.228980
vn 0.094779 0.968854 0.228778
vn 0.302553 0.612444 0.730325
vn 0.000081 0.612525 0.790451
vn 0.000014 0.968831 0.247723
vn 0.175071 0.968866 0.175069
vn 0.558964 0.612506 0.558923
vn 0.302553 0.612444 0.730325
vn 0.094779 0.968854 0.228778
vn 0.228713 0.968872 0.094752
vn 0.730183 0.612650 0.302478
vn 0.558964 0.612506 0.558923
vn 0.175071 0.968866 0.175069
vn 0.247599 0.968863 0.000003
vn 0.790193 0.612858 0.000038
vn 0.730183 0.612650 0.302478
vn 0.228713 0.968872 0.094752
vn 0.228779 0.968855 -0.094764
vn 0.729980 0.612943 -0.302372
vn 0.790193 0.612858 0.000038
vn 0.247599 0.968863 0.000003
vn 0.175130 0.968836 -0.175173
vn 0.558633 0.613058 -0.558649
vn 0.729980 0.612943 -0.302372
vn 0.228779 0.968855 -0.094764
vn 0.094812 0.968811 -0.228946
vn 0.302318 0.613008 -0.729949
vn 0.558633 0.613058 -0.558649
vn 0.175130 0.968836 -0.175173
vn -0.109756 0.958003 0.264922
vn -0.324686 0.529493 0.783719
vn 0.000003 0.529606 0.848244
vn 0.000001 0.958038 0.286640
vn -0.202837 0.957978 0.202820
vn -0.599821 0.529533 0.599841
vn -0.324686 0.529493 0.783719
vn -0.109756 0.958003 0.264922
vn -0.264989 0.957981 0.109786
vn -0.783668 0.529581 0.324666
vn -0.599821 0.529533 0.599841
vn -0.202837 0.957978 0.202820
vn -0.286757 0.958003 0.000039
vn -0.848307 0.529504 0.000097
vn -0.783668 0.529581 0.324666
vn -0.264989 0.957981 0.109786
vn -0.264864 0.958024 -0.109715
vn -0.783735 0.529512 -0.324618
vn -0.848307 0.529504 0.000097
vn -0.286757 0.958003 0.000039
vn -0.202703 0.958034 -0.202690
vn -0.599851 0.529547 -0.599798
vn -0.783735 0.529512 -0.324618
vn -0.264864 0.958024 -0.109715
vn -0.109722 0.958023 -0.264864
vn -0.324654 0.529460 -0.783755
vn -0.599851 0.529547 -0.599798
vn -0.202703 0.958034 -0.202690
vn 0.000018 0.957990 -0.286801
vn 0.000069 0.529248 -0.848467
vn -0.324654 0.529460 -0.783755
vn -0.109722 0.958023 -0.264864
vn 0.109808 0.957969 -0.265023
vn 0.324696 0.529240 -0.783886
vn 0.000069 0.529248 -0.848467
vn 0.000018 0.957990 -0.286801
vn 0.202890 0.957952 -0.202890
vn 0.599940 0.529310 -0.599920
vn 0.324696 0.529240 -0.783886
vn 0.109808 0.957969 -0.265023
vn 0.265007 0.957978 -0.109770
vn 0.783817 0.529361 -0.324666
vn 0.599940 0.529310 -0.599920
vn 0.202890 0.957952 -0.202890
vn 0.286759 0.958003 0.000004
vn 0.848324 0.529477 -0.000001
vn 0.783817 0.529361 -0.324666
vn 0.265007 0.957978 -0.109770
vn 0.264917 0.958009 0.109711
vn 0.783764 0.529475 0.324609
vn 0.848324 0.529477 -0.000001
vn 0.286759 0.958003 0.000004
vn 0.202724 0.958016 0.202751
vn 0.599812 0.529545 0.599840
vn 0.783764 0.529475 0.324609
vn 0.264917 0.958009 0.109711
vn 0.109695 0.958036 0.264830
vn 0.324599 0.529622 0.783668
vn 0.599812 0.529545 0.599840
vn 0.202724 0.958016 0.202751
vn 0.000001 0.958038 0.286640
vn 0.000003 0.529606 0.848244
vn 0.324599 0.529622 0.783668
vn 0.109695 0.958036 0.264830
vn 0.000017 -0.809987 0.586448
vn 0.000010 -0.213321 0.976982
vn -0.373918 -0.213108 0.902646
vn -0.224458 -0.809905 0.541916
vn -0.000018 -0.996099 0.088242
vn 0.000017 -0.809987 0.586448
vn -0.224458 -0.809905 0.541916
vn -0.033986 -0.996062 0.081887
vn 0.224404 -0.810014 0.541775
vn 0.373868 -0.213339 0.902613
vn 0.000010 -0.213321 0.976982
vn 0.000017 -0.809987 0.586448
vn 0.033725 -0.996108 0.081438
vn 0.224404 -0.810014 0.541775
vn 0.000017 -0.809987 0.586448
vn -0.000018 -0.996099 0.088242
vn 0.414649 -0.809996 0.414697
vn 0.690824 -0.213285 0.690849
vn 0.373868 -0.213339 0.902613
vn 0.224404 -0.810014 0.541775
vn 0.062341 -0.996106 0.062335
vn 0.414649 -0.809996 0.414697
vn 0.224404 -0.810014 0.541775
vn 0.033725 -0.996108 0.081438
vn 0.541854 -0.809944 0.224466
vn 0.902642 -0.213169 0.373893
vn 0.690824 -0.213285 0.690849
vn 0.414649 -0.809996 0.414697
vn 0.081482 -0.996103 0.033749
vn 0.541854 -0.809944 0.224466
vn 0.414649 -0.809996 0.414697
vn 0.062341 -0.996106 0.062335
vn 0.586513 -0.809940 -0.000005
vn 0.977023 -0.213132 -0.000007
vn 0.902642 -0.213169 0.373893
vn 0.541854 -0.809944 0.224466
vn 0.088380 -0.996087 -0.000039
vn 0.586513 -0.809940 -0.000005
vn 0.541854 -0.809944 0.224466
vn 0.081482 -0.996103 0.033749
vn 0.541893 -0.809927 -0.224432
vn 0.902659 -0.213132 -0.373873
vn 0.977023 -0.213132 -0.000007
vn 0.586513 -0.809940 -0.000005
vn 0.081937 -0.996059 -0.033963
vn 0.541893 -0.809927 -0.224432
vn 0.586513 -0.809940 -0.000005
vn 0.088380 -0.996087 -0.000039
vn 0.414729 -0.809944 -0.414717
vn 0.690873 -0.213142 -0.690843
vn 0.902659 -0.213132 -0.373873
vn 0.541893 -0.809927 -0.224432
vn 0.062758 -0.996055 -0.062730
vn 0.414729 -0.809944 -0.414717
vn 0.541893 -0.809927 -0.224432
vn 0.081937 -0.996059 -0.033963
vn 0.224400 -0.809934 -0.541896
vn 0.373810 -0.213248 -0.902658
vn 0.690873 -0.213142 -0.690843
vn 0.414729 -0.809944 -0.414717
vn 0.033860 -0.996088 -0.081626
vn 0.224400 -0.809934 -0.541896
vn 0.414729 -0.809944 -0.414717
vn 0.062758 -0.996055 -0.062730
vn 0.000018 -0.809985 -0.586450
vn 0.000077 -0.213443 -0.976956
vn 0.373810 -0.213248 -0.902658
vn 0.224400 -0.809934 -0.541896
vn -0.000030 -0.996096 -0.088277
vn 0.000018 -0.809985 -0.586450
vn 0.224400 -0.809934 -0.541896
vn 0.033860 -0.996088 -0.081626
vn -0.224351 -0.810080 -0.541698
vn -0.373837 -0.213539 -0.902578
vn 0.000077 -0.213443 -0.976956
vn 0.000018 -0.809985 -0.586450
vn -0.033878 -0.996076 -0.081759
vn -0.224351 -0.810080 -0.541698
vn 0.000018 -0.809985 -0.586450
vn -0.000030 -0.996096 -0.088277
vn -0.414598 -0.810068 -0.414608
vn -0.690840 -0.213392 -0.690800
vn -0.373837 -0.213539 -0.902578
vn -0.224351 -0.810080 -0.541698
vn -0.062476 -0.996086 -0.062523
vn -0.414598 -0.810068 -0.414608
vn -0.224351 -0.810080 -0.541698
vn -0.033878 -0.996076 -0.081759
vn -0.541739 -0.810046 -0.224375
vn -0.902616 -0.213361 -0.373848
vn -0.690840 -0.213392 -0.690800
vn -0.414598 -0.810068 -0.414608
vn -0.081634 -0.996090 -0.033781
vn -0.541739 -0.810046 -0.224375
vn -0.414598 -0.810068 -0.414608
vn -0.062476 -0.996086 -0.062523
vn -0.586337 -0.810067 0.000005
vn -0.976972 -0.213370 0.000052
vn -0.902616 -0.213361 -0.373848
vn -0.541739 -0.810046 -0.224375
vn -0.088482 -0.996078 0.000002
vn -0.586337 -0.810067 0.000005
vn -0.541739 -0.810046 -0.224375
vn -0.081634 -0.996090 -0.033781
vn -0.541751 -0.810038 0.224376
vn -0.902643 -0.213129 0.373913
vn -0.976972 -0.213370 0.000052
vn -0.586337 -0.810067 0.000005
vn -0.081892 -0.996063 0.033946
vn -0.541751 -0.810038 0.224376
vn -0.586337 -0.810067 0.000005
vn -0.088482 -0.996078 0.000002
vn -0.414727 -0.809921 0.414765
vn -0.690846 -0.212969 0.690924
vn -0.902643 -0.213129 0.373913
vn -0.541751 -0.810038 0.224376
vn -0.062857 -0.996040 0.062880
vn -0.414727 -0.809921 0.414765
vn -0.541751 -0.810038 0.224376
vn -0.081892 -0.996063 0.033946
vn -0.224458 -0.809905 0.541916
vn -0.373918 -0.213108 0.902646
vn -0.690846 -0.212969 0.690924
vn -0.414727 -0.809921 0.414765
vn -0.033986 -0.996062 0.081887
vn -0.224458 -0.809905 0.541916
vn -0.414727 -0.809921 0.414765
vn -0.062857 -0.996040 0.062880
s off
g KB3D_SecretLab_Native:KB3D_LAB_LabEquipement_I_Main provetta
usemtl KB3D_SecretLab_Native:KB3D_LAB_LabEquipement_I_MainSG
f 22/1/1 2/2/2 1/3/3 322/4/4
f 23/5/5 3/6/6 2/2/7 22/1/8
f 24/7/9 4/8/10 3/6/11 23/5/12
f 25/9/13 5/10/14 4/8/15 24/7/16
f 26/11/17 6/12/18 5/10/19 25/9/20
f 27/13/21 7/14/22 6/12/23 26/11/24
f 28/15/25 8/16/26 7/14/27 27/13/28
f 29/17/29 9/18/30 8/16/31 28/15/32
f 30/19/33 10/20/34 9/18/35 29/17/36
f 31/21/37 11/22/38 10/20/39 30/19/40
f 32/23/41 12/24/42 11/22/43 31/21/44
f 33/25/45 13/26/46 12/24/47 32/23/48
f 34/27/49 14/28/50 13/26/51 33/25/52
f 35/29/53 15/30/54 14/28/55 34/27/56
f 36/31/57 16/32/58 15/30/59 35/29/60
f 37/33/61 17/34/62 16/32/63 36/31/64
f 38/35/65 18/36/66 17/34/67 37/33/68
f 39/37/69 19/38/70 18/36/71 38/35/72
f 40/39/73 20/40/74 19/38/75 39/37/76
f 853/41/77 854/42/78 20/40/79 40/39/80
f 42/43/81 22/1/82 322/4/83 323/44/84
f 43/45/85 23/5/86 22/1/87 42/43/88
f 44/46/89 24/7/90 23/5/91 43/45/92
f 45/47/93 25/9/94 24/7/95 44/46/96
f 46/48/97 26/11/98 25/9/99 45/47/100
f 47/49/101 27/13/102 26/11/103 46/48/104
f 48/50/105 28/15/106 27/13/107 47/49/108
f 49/51/109 29/17/110 28/15/111 48/50/112
f 50/52/113 30/19/114 29/17/115 49/51/116
f 51/53/117 31/21/118 30/19/119 50/52/120
f 52/54/121 32/23/122 31/21/123 51/53/124
f 53/55/125 33/25/126 32/23/127 52/54/128
f 54/56/129 34/27/130 33/25/131 53/55/132
f 55/57/133 35/29/134 34/27/135 54/56/136
f 56/58/137 36/31/138 35/29/139 55/57/140
f 57/59/141 37/33/142 36/31/143 56/58/144
f 58/60/145 38/35/146 37/33/147 57/59/148
f 59/61/149 39/37/150 38/35/151 58/60/152
f 60/62/153 40/39/154 39/37/155 59/61/156
f 855/63/157 853/41/158 40/39/159 60/62/160
f 62/64/161 42/43/162 323/44/163 324/65/164
f 63/66/165 43/45/166 42/43/167 62/64/168
f 64/67/169 44/46/170 43/45/171 63/66/172
f 65/68/173 45/47/174 44/46/175 64/67/176
f 66/69/177 46/48/178 45/47/179 65/68/180
f 67/70/181 47/49/182 46/48/183 66/69/184
f 68/71/185 48/50/186 47/49/187 67/70/188
f 69/72/189 49/51/190 48/50/191 68/71/192
f 70/73/193 50/52/194 49/51/195 69/72/196
f 71/74/197 51/53/198 50/52/199 70/73/200
f 72/75/201 52/54/202 51/53/203 71/74/204
f 73/76/205 53/55/206 52/54/207 72/75/208
f 74/77/209 54/56/210 53/55/211 73/76/212
f 75/78/213 55/57/214 54/56/215 74/77/216
f 76/79/217 56/58/218 55/57/219 75/78/220
f 77/80/221 57/59/222 56/58/223 76/79/224
f 78/81/225 58/60/226 57/59/227 77/80/228
f 79/82/229 59/61/230 58/60/231 78/81/232
f 80/83/233 60/62/234 59/61/235 79/82/236
f 856/84/237 855/63/238 60/62/239 80/83/240
f 82/85/241 62/64/242 324/65/243 325/86/244
f 83/87/245 63/66/246 62/64/247 82/85/248
f 84/88/249 64/67/250 63/66/251 83/87/252
f 85/89/253 65/68/254 64/67/255 84/88/256
f 86/90/257 66/69/258 65/68/259 85/89/260
f 87/91/261 67/70/262 66/69/263 86/90/264
f 88/92/265 68/71/266 67/70/267 87/91/268
f 89/93/269 69/72/270 68/71/271 88/92/272
f 90/94/273 70/73/274 69/72/275 89/93/276
f 91/95/277 71/74/278 70/73/279 90/94/280
f 92/96/281 72/75/282 71/74/283 91/95/284
f 93/97/285 73/76/286 72/75/287 92/96/288
f 94/98/289 74/77/290 73/76/291 93/97/292
f 95/99/293 75/78/294 74/77/295 94/98/296
f 96/100/297 76/79/298 75/78/299 95/99/300
f 97/101/301 77/80/302 76/79/303 96/100/304
f 98/102/305 78/81/306 77/80/307 97/101/308
f 99/103/309 79/82/310 78/81/311 98/102/312
f 100/104/313 80/83/314 79/82/315 99/103/316
f 857/105/317 856/84/318 80/83/319 100/104/320
f 102/106/321 82/85/322 325/86/323 326/107/324
f 103/108/325 83/87/326 82/85/327 102/106/328
f 104/109/329 84/88/330 83/87/331 103/108/332
f 105/110/333 85/89/334 84/88/335 104/109/336
f 106/111/337 86/90/338 85/89/339 105/110/340
f 107/112/341 87/91/342 86/90/343 106/111/344
f 108/113/345 88/92/346 87/91/347 107/112/348
f 109/114/349 89/93/350 88/92/351 108/113/352
f 110/115/353 90/94/354 89/93/355 109/114/356
f 111/116/357 91/95/358 90/94/359 110/115/360
f 112/117/361 92/96/362 91/95/363 111/116/364
f 113/118/365 93/97/366 92/96/367 112/117/368
f 114/119/369 94/98/370 93/97/371 113/118/372
f 115/120/373 95/99/374 94/98/375 114/119/376
f 116/121/377 96/100/378 95/99/379 115/120/380
f 117/122/381 97/101/382 96/100/383 116/121/384
f 118/123/385 98/102/386 97/101/387 117/122/388
f 119/124/389 99/103/390 98/102/391 118/123/392
f 120/125/393 100/104/394 99/103/395 119/124/396
f 858/126/397 857/105/398 100/104/399 120/125/400
f 122/127/401 102/106/402 326/107/403 327/128/404
f 123/129/405 103/108/406 102/106/407 122/127/408
f 124/130/409 104/109/410 103/108/411 123/129/412
f 125/131/413 105/110/414 104/109/415 124/130/416
f 126/132/417 106/111/418 105/110/419 125/131/420
f 127/133/421 107/112/422 106/111/423 126/132/424
f 128/134/425 108/113/426 107/112/427 127/133/428
f 129/135/429 109/114/430 108/113/431 128/134/432
f 130/136/433 110/115/434 109/114/435 129/135/436
f 131/137/437 111/116/438 110/115/439 130/136/440
f 132/138/441 112/117/442 111/116/443 131/137/444
f 133/139/445 113/118/446 112/117/447 132/138/448
f 134/140/449 114/119/450 113/118/451 133/139/452
f 135/141/453 115/120/454 114/119/455 134/140/456
f 136/142/457 116/121/458 115/120/459 135/141/460
f 137/143/461 117/122/462 116/121/463 136/142/464
f 138/144/465 118/123/466 117/122/467 137/143/468
f 139/145/469 119/124/470 118/123/471 138/144/472
f 140/146/473 120/125/474 119/124/475 139/145/476
f 859/147/477 858/126/478 120/125/479 140/146/480
f 142/148/481 122/149/482 327/150/483 328/151/484
f 143/152/485 123/153/486 122/149/487 142/148/488
f 144/154/489 124/155/490 123/153/491 143/152/492
f 145/156/493 125/157/494 124/155/495 144/154/496
f 146/158/497 126/159/498 125/157/499 145/156/500
f 147/160/501 127/161/502 126/159/503 146/158/504
f 148/162/505 128/163/506 127/161/507 147/160/508
f 149/164/509 129/165/510 128/163/511 148/162/512
f 150/166/513 130/167/514 129/165/515 149/164/516
f 151/168/517 131/169/518 130/167/519 150/166/520
f 152/170/521 132/171/522 131/169/523 151/168/524
f 153/172/525 133/173/526 132/171/527 152/170/528
f 154/174/529 134/175/530 133/173/531 153/172/532
f 155/176/533 135/177/534 134/175/535 154/174/536
f 156/178/537 136/179/538 135/177/539 155/176/540
f 157/180/541 137/181/542 136/179/543 156/178/544
f 158/182/545 138/183/546 137/181/547 157/180/548
f 159/184/549 139/185/550 138/183/551 158/182/552
f 160/186/553 140/187/554 139/185/555 159/184/556
f 860/188/557 859/189/558 140/187/559 160/186/560
f 162/190/561 142/148/562 328/151/563 329/191/564
f 163/192/565 143/152/566 142/148/567 162/190/568
f 164/193/569 144/154/570 143/152/571 163/192/572
f 165/194/573 145/156/574 144/154/575 164/193/576
f 166/195/577 146/158/578 145/156/579 165/194/580
f 167/196/581 147/160/582 146/158/583 166/195/584
f 168/197/585 148/162/586 147/160/587 167/196/588
f 169/198/589 149/164/590 148/162/591 168/197/592
f 170/199/593 150/166/594 149/164/595 169/198/596
f 171/200/597 151/168/598 150/166/599 170/199/600
f 172/201/601 152/170/602 151/168/603 171/200/604
f 173/202/605 153/172/606 152/170/607 172/201/608
f 174/203/609 154/174/610 153/172/611 173/202/612
f 175/204/613 155/176/614 154/174/615 174/203/616
f 176/205/617 156/178/618 155/176/619 175/204/620
f 177/206/621 157/180/622 156/178/623 176/205/624
f 178/207/625 158/182/626 157/180/627 177/206/628
f 179/208/629 159/184/630 158/182/631 178/207/632
f 180/209/633 160/186/634 159/184/635 179/208/636
f 861/210/637 860/188/638 160/186/639 180/209/640
f 182/211/641 162/190/642 329/191/643 330/212/644
f 183/213/645 163/192/646 162/190/647 182/211/648
f 184/214/649 164/193/650 163/192/651 183/213/652
f 185/215/653 165/194/654 164/193/655 184/214/656
f 186/216/657 166/195/658 165/194/659 185/215/660
f 187/217/661 167/196/662 166/195/663 186/216/664
f 188/218/665 168/197/666 167/196/667 187/217/668
f 189/219/669 169/198/670 168/197/671 188/218/672
f 190/220/673 170/199/674 169/198/675 189/219/676
f 191/221/677 171/200/678 170/199/679 190/220/680
f 192/222/681 172/201/682 171/200/683 191/221/684
f 193/223/685 173/202/686 172/201/687 192/222/688
f 194/224/689 174/203/690 173/202/691 193/223/692
f 195/225/693 175/204/694 174/203/695 194/224/696
f 196/226/697 176/205/698 175/204/699 195/225/700
f 197/227/701 177/206/702 176/205/703 196/226/704
f 198/228/705 178/207/706 177/206/707 197/227/708
f 199/229/709 179/208/710 178/207/711 198/228/712
f 200/230/713 180/209/714 179/208/715 199/229/716
f 862/231/717 861/210/718 180/209/719 200/230/720
f 202/232/721 182/211/722 330/212/723 331/233/724
f 203/234/725 183/213/726 182/211/727 202/232/728
f 204/235/729 184/214/730 183/213/731 203/234/732
f 205/236/733 185/215/734 184/214/735 204/235/736
f 206/237/737 186/216/738 185/215/739 205/236/740
f 207/238/741 187/217/742 186/216/743 206/237/744
f 208/239/745 188/218/746 187/217/747 207/238/748
f 209/240/749 189/219/750 188/218/751 208/239/752
f 210/241/753 190/220/754 189/219/755 209/240/756
f 211/242/757 191/221/758 190/220/759 210/241/760
f 212/243/761 192/222/762 191/221/763 211/242/764
f 213/244/765 193/223/766 192/222/767 212/243/768
f 214/245/769 194/224/770 193/223/771 213/244/772
f 215/246/773 195/225/774 194/224/775 214/245/776
f 216/247/777 196/226/778 195/225/779 215/246/780
f 217/248/781 197/227/782 196/226/783 216/247/784
f 218/249/785 198/228/786 197/227/787 217/248/788
f 219/250/789 199/229/790 198/228/791 218/249/792
f 220/251/793 200/230/794 199/229/795 219/250/796
f 863/252/797 862/231/798 200/230/799 220/251/800
f 222/253/801 202/232/802 331/233/803 332/254/804
f 223/255/805 203/234/806 202/232/807 222/253/808
f 224/256/809 204/235/810 203/234/811 223/255/812
f 225/257/813 205/236/814 204/235/815 224/256/816
f 226/258/817 206/237/818 205/236/819 225/257/820
f 227/259/821 207/238/822 206/237/823 226/258/824
f 228/260/825 208/239/826 207/238/827 227/259/828
f 229/261/829 209/240/830 208/239/831 228/260/832
f 230/262/833 210/241/834 209/240/835 229/261/836
f 231/263/837 211/242/838 210/241/839 230/262/840
f 232/264/841 212/243/842 211/242/843 231/263/844
f 233/265/845 213/244/846 212/243/847 232/264/848
f 234/266/849 214/245/850 213/244/851 233/265/852
f 235/267/853 215/246/854 214/245/855 234/266/856
f 236/268/857 216/247/858 215/246/859 235/267/860
f 237/269/861 217/248/862 216/247/863 236/268/864
f 238/270/865 218/249/866 217/248/867 237/269/868
f 239/271/869 219/250/870 218/249/871 238/270/872
f 240/272/873 220/251/874 219/250/875 239/271/876
f 864/273/877 863/252/878 220/251/879 240/272/880
f 242/274/881 222/253/882 332/254/883 333/275/884
f 243/276/885 223/255/886 222/253/887 242/274/888
f 244/277/889 224/256/890 223/255/891 243/276/892
f 245/278/893 225/257/894 224/256/895 244/277/896
f 246/279/897 226/258/898 225/257/899 245/278/900
f 247/280/901 227/259/902 226/258/903 246/279/904
f 248/281/905 228/260/906 227/259/907 247/280/908
f 249/282/909 229/261/910 228/260/911 248/281/912
f 250/283/913 230/262/914 229/261/915 249/282/916
f 251/284/917 231/263/918 230/262/919 250/283/920
f 252/285/921 232/264/922 231/263/923 251/284/924
f 253/286/925 233/265/926 232/264/927 252/285/928
f 254/287/929 234/266/930 233/265/931 253/286/932
f 255/288/933 235/267/934 234/266/935 254/287/936
f 256/289/937 236/268/938 235/267/939 255/288/940
f 257/290/941 237/269/942 236/268/943 256/289/944
f 258/291/945 238/270/946 237/269/947 257/290/948
f 259/292/949 239/271/950 238/270/951 258/291/952
f 260/293/953 240/272/954 239/271/955 259/292/956
f 865/294/957 864/273/958 240/272/959 260/293/960
f 262/295/961 242/274/962 333/275/963 334/296/964
f 263/297/965 243/276/966 242/274/967 262/295/968
f 264/298/969 244/277/970 243/276/971 263/297/972
f 265/299/973 245/278/974 244/277/975 264/298/976
f 266/300/977 246/279/978 245/278/979 265/299/980
f 267/301/981 247/280/982 246/279/983 266/300/984
f 268/302/985 248/281/986 247/280/987 267/301/988
f 269/303/989 249/282/990 248/281/991 268/302/992
f 270/304/993 250/283/994 249/282/995 269/303/996
f 271/305/997 251/284/998 250/283/999 270/304/1000
f 272/306/1001 252/285/1002 251/284/1003 271/305/1004
f 273/307/1005 253/286/1006 252/285/1007 272/306/1008
f 274/308/1009 254/287/1010 253/286/1011 273/307/1012
f 275/309/1013 255/288/1014 254/287/1015 274/308/1016
f 276/310/1017 256/289/1018 255/288/1019 275/309/1020
f 277/311/1021 257/290/1022 256/289/1023 276/310/1024
f 278/312/1025 258/291/1026 257/290/1027 277/311/1028
f 279/313/1029 259/292/1030 258/291/1031 278/312/1032
f 280/314/1033 260/293/1034 259/292/1035 279/313/1036
f 866/315/1037 865/294/1038 260/293/1039 280/314/1040
f 282/316/1041 262/295/1042 334/296/1043 335/317/1044
f 283/318/1045 263/297/1046 262/295/1047 282/316/1048
f 284/319/1049 264/298/1050 263/297/1051 283/318/1052
f 285/320/1053 265/299/1054 264/298/1055 284/319/1056
f 286/321/1057 266/300/1058 265/299/1059 285/320/1060
f 287/322/1061 267/301/1062 266/300/1063 286/321/1064
f 288/323/1065 268/302/1066 267/301/1067 287/322/1068
f 289/324/1069 269/303/1070 268/302/1071 288/323/1072
f 290/325/1073 270/304/1074 269/303/1075 289/324/1076
f 291/326/1077 271/305/1078 270/304/1079 290/325/1080
f 292/327/1081 272/306/1082 271/305/1083 291/326/1084
f 293/328/1085 273/307/1086 272/306/1087 292/327/1088
f 294/329/1089 274/308/1090 273/307/1091 293/328/1092
f 295/330/1093 275/309/1094 274/308/1095 294/329/1096
f 296/331/1097 276/310/1098 275/309/1099 295/330/1100
f 297/332/1101 277/311/1102 276/310/1103 296/331/1104
f 298/333/1105 278/312/1106 277/311/1107 297/332/1108
f 299/334/1109 279/313/1110 278/312/1111 298/333/1112
f 300/335/1113 280/314/1114 279/313/1115 299/334/1116
f 867/336/1117 866/315/1118 280/314/1119 300/335/1120
f 302/337/1121 282/316/1122 335/317/1123 301/338/1124
f 303/339/1125 283/318/1126 282/316/1127 302/337/1128
f 304/340/1129 284/319/1130 283/318/1131 303/339/1132
f 305/341/1133 285/320/1134 284/319/1135 304/340/1136
f 306/342/1137 286/321/1138 285/320/1139 305/341/1140
f 307/343/1141 287/322/1142 286/321/1143 306/342/1144
f 308/344/1145 288/323/1146 287/322/1147 307/343/1148
f 309/345/1149 289/324/1150 288/323/1151 308/344/1152
f 310/346/1153 290/325/1154 289/324/1155 309/345/1156
f 311/347/1157 291/326/1158 290/325/1159 310/346/1160
f 312/348/1161 292/327/1162 291/326/1163 311/347/1164
f 313/349/1165 293/328/1166 292/327/1167 312/348/1168
f 314/350/1169 294/329/1170 293/328/1171 313/349/1172
f 315/351/1173 295/330/1174 294/329/1175 314/350/1176
f 316/352/1177 296/331/1178 295/330/1179 315/351/1180
f 317/353/1181 297/332/1182 296/331/1183 316/352/1184
f 318/354/1185 298/333/1186 297/332/1187 317/353/1188
f 319/355/1189 299/334/1190 298/333/1191 318/354/1192
f 320/356/1193 300/335/1194 299/334/1195 319/355/1196
f 868/357/1197 867/336/1198 300/335/1199 320/356/1200
f 2/2/1201 302/337/1202 301/338/1203 1/3/1204
f 3/6/1205 303/339/1206 302/337/1207 2/2/1208
f 4/8/1209 304/340/1210 303/339/1211 3/6/1212
f 5/10/1213 305/341/1214 304/340/1215 4/8/1216
f 6/12/1217 306/342/1218 305/341/1219 5/10/1220
f 7/14/1221 307/343/1222 306/342/1223 6/12/1224
f 8/16/1225 308/344/1226 307/343/1227 7/14/1228
f 9/18/1229 309/345/1230 308/344/1231 8/16/1232
f 10/20/1233 310/346/1234 309/345/1235 9/18/1236
f 11/22/1237 311/347/1238 310/346/1239 10/20/1240
f 12/24/1241 312/348/1242 311/347/1243 11/22/1244
f 13/26/1245 313/349/1246 312/348/1247 12/24/1248
f 14/28/1249 314/350/1250 313/349/1251 13/26/1252
f 15/30/1253 315/351/1254 314/350/1255 14/28/1256
f 16/32/1257 316/352/1258 315/351/1259 15/30/1260
f 17/34/1261 317/353/1262 316/352/1263 16/32/1264
f 18/36/1265 318/354/1266 317/353/1267 17/34/1268
f 19/38/1269 319/355/1270 318/354/1271 18/36/1272
f 20/40/1273 320/356/1274 319/355/1275 19/38/1276
f 854/42/1277 868/357/1278 320/356/1279 20/40/1280
f 1/3/1281 337/358/1282 346/359/1283 322/4/1284
f 322/4/1285 346/359/1286 351/360/1287 323/44/1288
f 323/44/1289 351/360/1290 356/361/1291 324/65/1292
f 324/65/1293 356/361/1294 361/362/1295 325/86/1296
f 325/86/1297 361/362/1298 366/363/1299 326/107/1300
f 326/107/1301 366/363/1302 371/364/1303 327/128/1304
f 327/150/1305 371/365/1306 376/366/1307 328/151/1308
f 328/151/1309 376/366/1310 381/367/1311 329/191/1312
f 329/191/1313 381/367/1314 386/368/1315 330/212/1316
f 330/212/1317 386/368/1318 391/369/1319 331/233/1320
f 331/233/1321 391/369/1322 396/370/1323 332/254/1324
f 332/254/1325 396/370/1326 401/371/1327 333/275/1328
f 333/275/1329 401/371/1330 406/372/1331 334/296/1332
f 334/296/1333 406/372/1334 411/373/1335 335/317/1336
f 335/317/1337 411/373/1338 412/374/1339 301/338/1340
f 301/338/1341 412/374/1342 337/358/1343 1/3/1344
f 337/358/1345 338/375/1346 345/376/1347 346/359/1348
f 338/375/1349 339/377/1350 344/378/1351 345/376/1352
f 339/379/1353 340/380/1354 343/381/1355 344/382/1356
f 340/380/1357 341/383/1358 342/384/1359 343/381/1360
f 341/383/1361 321/385/1362 21/386/1363 342/384/1364
f 346/359/1365 345/376/1366 350/387/1367 351/360/1368
f 345/376/1369 344/378/1370 349/388/1371 350/387/1372
f 344/382/1373 343/381/1374 348/389/1375 349/390/1376
f 343/381/1377 342/384/1378 347/391/1379 348/389/1380
f 342/384/1381 21/386/1382 41/392/1383 347/391/1384
f 351/360/1385 350/387/1386 355/393/1387 356/361/1388
f 350/387/1389 349/388/1390 354/394/1391 355/393/1392
f 349/390/1393 348/389/1394 353/395/1395 354/396/1396
f 348/389/1397 347/391/1398 352/397/1399 353/395/1400
f 347/391/1401 41/392/1402 61/398/1403 352/397/1404
f 356/361/1405 355/393/1406 360/399/1407 361/362/1408
f 355/393/1409 354/394/1410 359/400/1411 360/399/1412
f 354/396/1413 353/395/1414 358/401/1415 359/402/1416
f 353/395/1417 352/397/1418 357/403/1419 358/401/1420
f 352/397/1421 61/398/1422 81/404/1423 357/403/1424
f 361/362/1425 360/399/1426 365/405/1427 366/363/1428
f 360/399/1429 359/400/1430 364/406/1431 365/405/1432
f 359/402/1433 358/401/1434 363/407/1435 364/408/1436
f 358/401/1437 357/403/1438 362/409/1439 363/407/1440
f 357/403/1441 81/404/1442 101/410/1443 362/409/1444
f 366/363/1445 365/405/1446 370/411/1447 371/364/1448
f 365/405/1449 364/406/1450 369/412/1451 370/411/1452
f 364/408/1453 363/407/1454 368/413/1455 369/414/1456
f 363/407/1457 362/409/1458 367/415/1459 368/413/1460
f 362/409/1461 101/410/1462 121/416/1463 367/415/1464
f 371/365/1465 370/417/1466 375/418/1467 376/366/1468
f 370/417/1469 369/419/1470 374/420/1471 375/418/1472
f 369/414/1473 368/413/1474 373/421/1475 374/422/1476
f 368/413/1477 367/415/1478 372/423/1479 373/421/1480
f 367/415/1481 121/416/1482 141/424/1483 372/423/1484
f 376/366/1485 375/418/1486 380/425/1487 381/367/1488
f 375/418/1489 374/420/1490 379/426/1491 380/425/1492
f 374/422/1493 373/421/1494 378/427/1495 379/428/1496
f 373/421/1497 372/423/1498 377/429/1499 378/427/1500
f 372/423/1501 141/424/1502 161/430/1503 377/429/1504
f 381/367/1505 380/425/1506 385/431/1507 386/368/1508
f 380/425/1509 379/426/1510 384/432/1511 385/431/1512
f 379/428/1513 378/427/1514 383/433/1515 384/434/1516
f 378/427/1517 377/429/1518 382/435/1519 383/433/1520
f 377/429/1521 161/430/1522 181/436/1523 382/435/1524
f 386/368/1525 385/431/1526 390/437/1527 391/369/1528
f 385/431/1529 384/432/1530 389/438/1531 390/437/1532
f 384/434/1533 383/433/1534 388/439/1535 389/440/1536
f 383/433/1537 382/435/1538 387/441/1539 388/439/1540
f 382/435/1541 181/436/1542 201/442/1543 387/441/1544
f 391/369/1545 390/437/1546 395/443/1547 396/370/1548
f 390/437/1549 389/438/1550 394/444/1551 395/443/1552
f 389/440/1553 388/439/1554 393/445/1555 394/446/1556
f 388/439/1557 387/441/1558 392/447/1559 393/445/1560
f 387/441/1561 201/442/1562 221/448/1563 392/447/1564
f 396/370/1565 395/443/1566 400/449/1567 401/371/1568
f 395/443/1569 394/444/1570 399/450/1571 400/449/1572
f 394/446/1573 393/445/1574 398/451/1575 399/452/1576
f 393/445/1577 392/447/1578 397/453/1579 398/451/1580
f 392/447/1581 221/448/1582 241/454/1583 397/453/1584
f 401/371/1585 400/449/1586 405/455/1587 406/372/1588
f 400/449/1589 399/450/1590 404/456/1591 405/455/1592
f 399/452/1593 398/451/1594 403/457/1595 404/458/1596
f 398/451/1597 397/453/1598 402/459/1599 403/457/1600
f 397/453/1601 241/454/1602 261/460/1603 402/459/1604
f 406/372/1605 405/455/1606 410/461/1607 411/373/1608
f 405/455/1609 404/456/1610 409/462/1611 410/461/1612
f 404/458/1613 403/457/1614 408/463/1615 409/464/1616
f 403/457/1617 402/459/1618 407/465/1619 408/463/1620
f 402/459/1621 261/460/1622 281/466/1623 407/465/1624
f 411/373/1625 410/461/1626 413/467/1627 412/374/1628
f 410/461/1629 409/462/1630 414/468/1631 413/467/1632
f 409/464/1633 408/463/1634 415/469/1635 414/470/1636
f 408/463/1637 407/465/1638 416/471/1639 415/469/1640
f 407/465/1641 281/466/1642 336/472/1643 416/471/1644
f 412/374/1645 413/467/1646 338/375/1647 337/358/1648
f 413/467/1649 414/468/1650 339/377/1651 338/375/1652
f 414/470/1653 415/469/1654 340/380/1655 339/379/1656
f 415/469/1657 416/471/1658 341/383/1659 340/380/1660
f 416/471/1661 336/472/1662 321/385/1663 341/383/1664
f 336/472/1665 281/466/1666 261/460/1667 417/473/1668
f 336/472/1669 417/473/1670 418/474/1671 321/385/1672
f 61/398/1673 41/392/1674 21/386/1675 419/475/1676
f 21/386/1677 321/385/1678 418/474/1679 419/475/1680
f 420/476/1681 417/473/1682 261/460/1683 241/454/1684
f 417/473/1685 420/476/1686 421/477/1687 418/474/1688
f 422/478/1689 81/404/1690 61/398/1691 419/475/1692
f 419/475/1693 418/474/1694 421/477/1695 422/478/1696
f 420/476/1697 241/454/1698 221/448/1699 423/479/1700
f 221/448/1701 201/442/1702 181/436/1703 423/479/1704
f 421/477/1705 420/476/1706 423/479/1707 424/480/1708
f 424/480/1709 423/479/1710 181/436/1711 161/430/1712
f 421/477/1713 424/480/1714 425/481/1715 422/478/1716
f 424/480/1717 161/430/1718 141/424/1719 425/481/1720
f 422/478/1721 425/481/1722 101/410/1723 81/404/1724
f 141/424/1725 121/416/1726 101/410/1727 425/481/1728
f 426/482/1729 427/483/1730 448/484/1731 749/485/1732
f 427/483/1733 428/486/1734 449/487/1735 448/484/1736
f 428/486/1737 429/488/1738 450/489/1739 449/487/1740
f 429/488/1741 430/490/1742 451/491/1743 450/489/1744
f 430/490/1745 431/492/1746 452/493/1747 451/491/1748
f 431/492/1749 432/494/1750 453/495/1751 452/493/1752
f 432/494/1753 433/496/1754 454/497/1755 453/495/1756
f 433/496/1757 434/498/1758 455/499/1759 454/497/1760
f 434/498/1761 435/500/1762 456/501/1763 455/499/1764
f 435/500/1765 436/502/1766 457/503/1767 456/501/1768
f 436/502/1769 437/504/1770 458/505/1771 457/503/1772
f 437/504/1773 438/506/1774 459/507/1775 458/505/1776
f 438/506/1777 439/508/1778 460/509/1779 459/507/1780
f 439/508/1781 440/510/1782 461/511/1783 460/509/1784
f 440/510/1785 441/512/1786 462/513/1787 461/511/1788
f 441/512/1789 442/514/1790 463/515/1791 462/513/1792
f 442/514/1793 443/516/1794 464/517/1795 463/515/1796
f 443/516/1797 444/518/1798 465/519/1799 464/517/1800
f 444/518/1801 445/520/1802 466/521/1803 465/519/1804
f 445/520/1805 446/522/1806 886/523/1807 466/521/1808
f 749/485/1809 448/484/1810 468/524/1811 750/525/1812
f 448/484/1813 449/487/1814 469/526/1815 468/524/1816
f 449/487/1817 450/489/1818 470/527/1819 469/526/1820
f 450/489/1821 451/491/1822 471/528/1823 470/527/1824
f 451/491/1825 452/493/1826 472/529/1827 471/528/1828
f 452/493/1829 453/495/1830 473/530/1831 472/529/1832
f 453/495/1833 454/497/1834 474/531/1835 473/530/1836
f 454/497/1837 455/499/1838 475/532/1839 474/531/1840
f 455/499/1841 456/501/1842 476/533/1843 475/532/1844
f 456/501/1845 457/503/1846 477/534/1847 476/533/1848
f 457/503/1849 458/505/1850 478/535/1851 477/534/1852
f 458/505/1853 459/507/1854 479/536/1855 478/535/1856
f 459/507/1857 460/509/1858 480/537/1859 479/536/1860
f 460/509/1861 461/511/1862 481/538/1863 480/537/1864
f 461/511/1865 462/513/1866 482/539/1867 481/538/1868
f 462/513/1869 463/515/1870 483/540/1871 482/539/1872
f 463/515/1873 464/517/1874 484/541/1875 483/540/1876
f 464/517/1877 465/519/1878 485/542/1879 484/541/1880
f 465/519/1881 466/521/1882 486/543/1883 485/542/1884
f 466/521/1885 886/523/1886 887/544/1887 486/543/1888
f 750/525/1889 468/524/1890 488/545/1891 751/546/1892
f 468/524/1893 469/526/1894 489/547/1895 488/545/1896
f 469/526/1897 470/527/1898 490/548/1899 489/547/1900
f 470/527/1901 471/528/1902 491/549/1903 490/548/1904
f 471/528/1905 472/529/1906 492/550/1907 491/549/1908
f 472/529/1909 473/530/1910 493/551/1911 492/550/1912
f 473/530/1913 474/531/1914 494/552/1915 493/551/1916
f 474/531/1917 475/532/1918 495/553/1919 494/552/1920
f 475/532/1921 476/533/1922 496/554/1923 495/553/1924
f 476/533/1925 477/534/1926 497/555/1927 496/554/1928
f 477/534/1929 478/535/1930 498/556/1931 497/555/1932
f 478/535/1933 479/536/1934 499/557/1935 498/556/1936
f 479/536/1937 480/537/1938 500/558/1939 499/557/1940
f 480/537/1941 481/538/1942 501/559/1943 500/558/1944
f 481/538/1945 482/539/1946 502/560/1947 501/559/1948
f 482/539/1949 483/540/1950 503/561/1951 502/560/1952
f 483/540/1953 484/541/1954 504/562/1955 503/561/1956
f 484/541/1957 485/542/1958 505/563/1959 504/562/1960
f 485/542/1961 486/543/1962 506/564/1963 505/563/1964
f 486/543/1965 887/544/1966 888/565/1967 506/564/1968
f 751/546/1969 488/545/1970 508/566/1971 752/567/1972
f 488/545/1973 489/547/1974 509/568/1975 508/566/1976
f 489/547/1977 490/548/1978 510/569/1979 509/568/1980
f 490/548/1981 491/549/1982 511/570/1983 510/569/1984
f 491/549/1985 492/550/1986 512/571/1987 511/570/1988
f 492/550/1989 493/551/1990 513/572/1991 512/571/1992
f 493/551/1993 494/552/1994 514/573/1995 513/572/1996
f 494/552/1997 495/553/1998 515/574/1999 514/573/2000
f 495/553/2001 496/554/2002 516/575/2003 515/574/2004
f 496/554/2005 497/555/2006 517/576/2007 516/575/2008
f 497/555/2009 498/556/2010 518/577/2011 517/576/2012
f 498/556/2013 499/557/2014 519/578/2015 518/577/2016
f 499/557/2017 500/558/2018 520/579/2019 519/578/2020
f 500/558/2021 501/559/2022 521/580/2023 520/579/2024
f 501/559/2025 502/560/2026 522/581/2027 521/580/2028
f 502/560/2029 503/561/2030 523/582/2031 522/581/2032
f 503/561/2033 504/562/2034 524/583/2035 523/582/2036
f 504/562/2037 505/563/2038 525/584/2039 524/583/2040
f 505/563/2041 506/564/2042 526/585/2043 525/584/2044
f 506/564/2045 888/565/2046 889/586/2047 526/585/2048
f 752/567/2049 508/566/2050 528/587/2051 753/588/2052
f 508/566/2053 509/568/2054 529/589/2055 528/587/2056
f 509/568/2057 510/569/2058 530/590/2059 529/589/2060
f 510/569/2061 511/570/2062 531/591/2063 530/590/2064
f 511/570/2065 512/571/2066 532/592/2067 531/591/2068
f 512/571/2069 513/572/2070 533/593/2071 532/592/2072
f 513/572/2073 514/573/2074 534/594/2075 533/593/2076
f 514/573/2077 515/574/2078 535/595/2079 534/594/2080
f 515/574/2081 516/575/2082 536/596/2083 535/595/2084
f 516/575/2085 517/576/2086 537/597/2087 536/596/2088
f 517/576/2089 518/577/2090 538/598/2091 537/597/2092
f 518/577/2093 519/578/2094 539/599/2095 538/598/2096
f 519/578/2097 520/579/2098 540/600/2099 539/599/2100
f 520/579/2101 521/580/2102 541/601/2103 540/600/2104
f 521/580/2105 522/581/2106 542/602/2107 541/601/2108
f 522/581/2109 523/582/2110 543/603/2111 542/602/2112
f 523/582/2113 524/583/2114 544/604/2115 543/603/2116
f 524/583/2117 525/584/2118 545/605/2119 544/604/2120
f 525/584/2121 526/585/2122 546/606/2123 545/605/2124
f 526/585/2125 889/586/2126 890/607/2127 546/606/2128
f 753/588/2129 528/587/2130 548/608/2131 754/609/2132
f 528/587/2133 529/589/2134 549/610/2135 548/608/2136
f 529/589/2137 530/590/2138 550/611/2139 549/610/2140
f 530/590/2141 531/591/2142 551/612/2143 550/611/2144
f 531/591/2145 532/592/2146 552/613/2147 551/612/2148
f 532/592/2149 533/593/2150 553/614/2151 552/613/2152
f 533/593/2153 534/594/2154 554/615/2155 553/614/2156
f 534/594/2157 535/595/2158 555/616/2159 554/615/2160
f 535/595/2161 536/596/2162 556/617/2163 555/616/2164
f 536/596/2165 537/597/2166 557/618/2167 556/617/2168
f 537/597/2169 538/598/2170 558/619/2171 557/618/2172
f 538/598/2173 539/599/2174 559/620/2175 558/619/2176
f 539/599/2177 540/600/2178 560/621/2179 559/620/2180
f 540/600/2181 541/601/2182 561/622/2183 560/621/2184
f 541/601/2185 542/602/2186 562/623/2187 561/622/2188
f 542/602/2189 543/603/2190 563/624/2191 562/623/2192
f 543/603/2193 544/604/2194 564/625/2195 563/624/2196
f 544/604/2197 545/605/2198 565/626/2199 564/625/2200
f 545/605/2201 546/606/2202 566/627/2203 565/626/2204
f 546/606/2205 890/607/2206 891/628/2207 566/627/2208
f 754/629/2209 548/630/2210 568/631/2211 755/632/2212
f 548/630/2213 549/633/2214 569/634/2215 568/631/2216
f 549/633/2217 550/635/2218 570/636/2219 569/634/2220
f 550/635/2221 551/637/2222 571/638/2223 570/636/2224
f 551/637/2225 552/639/2226 572/640/2227 571/638/2228
f 552/639/2229 553/641/2230 573/642/2231 572/640/2232
f 553/641/2233 554/643/2234 574/644/2235 573/642/2236
f 554/643/2237 555/645/2238 575/646/2239 574/644/2240
f 555/645/2241 556/647/2242 576/648/2243 575/646/2244
f 556/647/2245 557/649/2246 577/650/2247 576/648/2248
f 557/649/2249 558/651/2250 578/652/2251 577/650/2252
f 558/651/2253 559/653/2254 579/654/2255 578/652/2256
f 559/653/2257 560/655/2258 580/656/2259 579/654/2260
f 560/655/2261 561/657/2262 581/658/2263 580/656/2264
f 561/657/2265 562/659/2266 582/660/2267 581/658/2268
f 562/659/2269 563/661/2270 583/662/2271 582/660/2272
f 563/661/2273 564/663/2274 584/664/2275 583/662/2276
f 564/663/2277 565/665/2278 585/666/2279 584/664/2280
f 565/665/2281 566/667/2282 586/668/2283 585/666/2284
f 566/667/2285 891/669/2286 892/670/2287 586/668/2288
f 755/632/2289 568/631/2290 588/671/2291 756/672/2292
f 568/631/2293 569/634/2294 589/673/2295 588/671/2296
f 569/634/2297 570/636/2298 590/674/2299 589/673/2300
f 570/636/2301 571/638/2302 591/675/2303 590/674/2304
f 571/638/2305 572/640/2306 592/676/2307 591/675/2308
f 572/640/2309 573/642/2310 593/677/2311 592/676/2312
f 573/642/2313 574/644/2314 594/678/2315 593/677/2316
f 574/644/2317 575/646/2318 595/679/2319 594/678/2320
f 575/646/2321 576/648/2322 596/680/2323 595/679/2324
f 576/648/2325 577/650/2326 597/681/2327 596/680/2328
f 577/650/2329 578/652/2330 598/682/2331 597/681/2332
f 578/652/2333 579/654/2334 599/683/2335 598/682/2336
f 579/654/2337 580/656/2338 600/684/2339 599/683/2340
f 580/656/2341 581/658/2342 601/685/2343 600/684/2344
f 581/658/2345 582/660/2346 602/686/2347 601/685/2348
f 582/660/2349 583/662/2350 603/687/2351 602/686/2352
f 583/662/2353 584/664/2354 604/688/2355 603/687/2356
f 584/664/2357 585/666/2358 605/689/2359 604/688/2360
f 585/666/2361 586/668/2362 606/690/2363 605/689/2364
f 586/668/2365 892/670/2366 893/691/2367 606/690/2368
f 756/672/2369 588/671/2370 608/692/2371 757/693/2372
f 588/671/2373 589/673/2374 609/694/2375 608/692/2376
f 589/673/2377 590/674/2378 610/695/2379 609/694/2380
f 590/674/2381 591/675/2382 611/696/2383 610/695/2384
f 591/675/2385 592/676/2386 612/697/2387 611/696/2388
f 592/676/2389 593/677/2390 613/698/2391 612/697/2392
f 593/677/2393 594/678/2394 614/699/2395 613/698/2396
f 594/678/2397 595/679/2398 615/700/2399 614/699/2400
f 595/679/2401 596/680/2402 616/701/2403 615/700/2404
f 596/680/2405 597/681/2406 617/702/2407 616/701/2408
f 597/681/2409 598/682/2410 618/703/2411 617/702/2412
f 598/682/2413 599/683/2414 619/704/2415 618/703/2416
f 599/683/2417 600/684/2418 620/705/2419 619/704/2420
f 600/684/2421 601/685/2422 621/706/2423 620/705/2424
f 601/685/2425 602/686/2426 622/707/2427 621/706/2428
f 602/686/2429 603/687/2430 623/708/2431 622/707/2432
f 603/687/2433 604/688/2434 624/709/2435 623/708/2436
f 604/688/2437 605/689/2438 625/710/2439 624/709/2440
f 605/689/2441 606/690/2442 626/711/2443 625/710/2444
f 606/690/2445 893/691/2446 894/712/2447 626/711/2448
f 757/693/2449 608/692/2450 628/713/2451 758/714/2452
f 608/692/2453 609/694/2454 629/715/2455 628/713/2456
f 609/694/2457 610/695/2458 630/716/2459 629/715/2460
f 610/695/2461 611/696/2462 631/717/2463 630/716/2464
f 611/696/2465 612/697/2466 632/718/2467 631/717/2468
f 612/697/2469 613/698/2470 633/719/2471 632/718/2472
f 613/698/2473 614/699/2474 634/720/2475 633/719/2476
f 614/699/2477 615/700/2478 635/721/2479 634/720/2480
f 615/700/2481 616/701/2482 636/722/2483 635/721/2484
f 616/701/2485 617/702/2486 637/723/2487 636/722/2488
f 617/702/2489 618/703/2490 638/724/2491 637/723/2492
f 618/703/2493 619/704/2494 639/725/2495 638/724/2496
f 619/704/2497 620/705/2498 640/726/2499 639/725/2500
f 620/705/2501 621/706/2502 641/727/2503 640/726/2504
f 621/706/2505 622/707/2506 642/728/2507 641/727/2508
f 622/707/2509 623/708/2510 643/729/2511 642/728/2512
f 623/708/2513 624/709/2514 644/730/2515 643/729/2516
f 624/709/2517 625/710/2518 645/731/2519 644/730/2520
f 625/710/2521 626/711/2522 646/732/2523 645/731/2524
f 626/711/2525 894/712/2526 895/733/2527 646/732/2528
f 758/714/2529 628/713/2530 648/734/2531 759/735/2532
f 628/713/2533 629/715/2534 649/736/2535 648/734/2536
f 629/715/2537 630/716/2538 650/737/2539 649/736/2540
f 630/716/2541 631/717/2542 651/738/2543 650/737/2544
f 631/717/2545 632/718/2546 652/739/2547 651/738/2548
f 632/718/2549 633/719/2550 653/740/2551 652/739/2552
f 633/719/2553 634/720/2554 654/741/2555 653/740/2556
f 634/720/2557 635/721/2558 655/742/2559 654/741/2560
f 635/721/2561 636/722/2562 656/743/2563 655/742/2564
f 636/722/2565 637/723/2566 657/744/2567 656/743/2568
f 637/723/2569 638/724/2570 658/745/2571 657/744/2572
f 638/724/2573 639/725/2574 659/746/2575 658/745/2576
f 639/725/2577 640/726/2578 660/747/2579 659/746/2580
f 640/726/2581 641/727/2582 661/748/2583 660/747/2584
f 641/727/2585 642/728/2586 662/749/2587 661/748/2588
f 642/728/2589 643/729/2590 663/750/2591 662/749/2592
f 643/729/2593 644/730/2594 664/751/2595 663/750/2596
f 644/730/2597 645/731/2598 665/752/2599 664/751/2600
f 645/731/2601 646/732/2602 666/753/2603 665/752/2604
f 646/732/2605 895/733/2606 896/754/2607 666/753/2608
f 759/735/2609 648/734/2610 668/755/2611 760/756/2612
f 648/734/2613 649/736/2614 669/757/2615 668/755/2616
f 649/736/2617 650/737/2618 670/758/2619 669/757/2620
f 650/737/2621 651/738/2622 671/759/2623 670/758/2624
f 651/738/2625 652/739/2626 672/760/2627 671/759/2628
f 652/739/2629 653/740/2630 673/761/2631 672/760/2632
f 653/740/2633 654/741/2634 674/762/2635 673/761/2636
f 654/741/2637 655/742/2638 675/763/2639 674/762/2640
f 655/742/2641 656/743/2642 676/764/2643 675/763/2644
f 656/743/2645 657/744/2646 677/765/2647 676/764/2648
f 657/744/2649 658/745/2650 678/766/2651 677/765/2652
f 658/745/2653 659/746/2654 679/767/2655 678/766/2656
f 659/746/2657 660/747/2658 680/768/2659 679/767/2660
f 660/747/2661 661/748/2662 681/769/2663 680/768/2664
f 661/748/2665 662/749/2666 682/770/2667 681/769/2668
f 662/749/2669 663/750/2670 683/771/2671 682/770/2672
f 663/750/2673 664/751/2674 684/772/2675 683/771/2676
f 664/751/2677 665/752/2678 685/773/2679 684/772/2680
f 665/752/2681 666/753/2682 686/774/2683 685/773/2684
f 666/753/2685 896/754/2686 897/775/2687 686/774/2688
f 760/756/2689 668/755/2690 688/776/2691 761/777/2692
f 668/755/2693 669/757/2694 689/778/2695 688/776/2696
f 669/757/2697 670/758/2698 690/779/2699 689/778/2700
f 670/758/2701 671/759/2702 691/780/2703 690/779/2704
f 671/759/2705 672/760/2706 692/781/2707 691/780/2708
f 672/760/2709 673/761/2710 693/782/2711 692/781/2712
f 673/761/2713 674/762/2714 694/783/2715 693/782/2716
f 674/762/2717 675/763/2718 695/784/2719 694/783/2720
f 675/763/2721 676/764/2722 696/785/2723 695/784/2724
f 676/764/2725 677/765/2726 697/786/2727 696/785/2728
f 677/765/2729 678/766/2730 698/787/2731 697/786/2732
f 678/766/2733 679/767/2734 699/788/2735 698/787/2736
f 679/767/2737 680/768/2738 700/789/2739 699/788/2740
f 680/768/2741 681/769/2742 701/790/2743 700/789/2744
f 681/769/2745 682/770/2746 702/791/2747 701/790/2748
f 682/770/2749 683/771/2750 703/792/2751 702/791/2752
f 683/771/2753 684/772/2754 704/793/2755 703/792/2756
f 684/772/2757 685/773/2758 705/794/2759 704/793/2760
f 685/773/2761 686/774/2762 706/795/2763 705/794/2764
f 686/774/2765 897/775/2766 898/796/2767 706/795/2768
f 761/777/2769 688/776/2770 708/797/2771 762/798/2772
f 688/776/2773 689/778/2774 709/799/2775 708/797/2776
f 689/778/2777 690/779/2778 710/800/2779 709/799/2780
f 690/779/2781 691/780/2782 711/801/2783 710/800/2784
f 691/780/2785 692/781/2786 712/802/2787 711/801/2788
f 692/781/2789 693/782/2790 713/803/2791 712/802/2792
f 693/782/2793 694/783/2794 714/804/2795 713/803/2796
f 694/783/2797 695/784/2798 715/805/2799 714/804/2800
f 695/784/2801 696/785/2802 716/806/2803 715/805/2804
f 696/785/2805 697/786/2806 717/807/2807 716/806/2808
f 697/786/2809 698/787/2810 718/808/2811 717/807/2812
f 698/787/2813 699/788/2814 719/809/2815 718/808/2816
f 699/788/2817 700/789/2818 720/810/2819 719/809/2820
f 700/789/2821 701/790/2822 721/811/2823 720/810/2824
f 701/790/2825 702/791/2826 722/812/2827 721/811/2828
f 702/791/2829 703/792/2830 723/813/2831 722/812/2832
f 703/792/2833 704/793/2834 724/814/2835 723/813/2836
f 704/793/2837 705/794/2838 725/815/2839 724/814/2840
f 705/794/2841 706/795/2842 726/816/2843 725/815/2844
f 706/795/2845 898/796/2846 899/817/2847 726/816/2848
f 762/798/2849 708/797/2850 728/818/2851 727/819/2852
f 708/797/2853 709/799/2854 729/820/2855 728/818/2856
f 709/799/2857 710/800/2858 730/821/2859 729/820/2860
f 710/800/2861 711/801/2862 731/822/2863 730/821/2864
f 711/801/2865 712/802/2866 732/823/2867 731/822/2868
f 712/802/2869 713/803/2870 733/824/2871 732/823/2872
f 713/803/2873 714/804/2874 734/825/2875 733/824/2876
f 714/804/2877 715/805/2878 735/826/2879 734/825/2880
f 715/805/2881 716/806/2882 736/827/2883 735/826/2884
f 716/806/2885 717/807/2886 737/828/2887 736/827/2888
f 717/807/2889 718/808/2890 738/829/2891 737/828/2892
f 718/808/2893 719/809/2894 739/830/2895 738/829/2896
f 719/809/2897 720/810/2898 740/831/2899 739/830/2900
f 720/810/2901 721/811/2902 741/832/2903 740/831/2904
f 721/811/2905 722/812/2906 742/833/2907 741/832/2908
f 722/812/2909 723/813/2910 743/834/2911 742/833/2912
f 723/813/2913 724/814/2914 744/835/2915 743/834/2916
f 724/814/2917 725/815/2918 745/836/2919 744/835/2920
f 725/815/2921 726/816/2922 746/837/2923 745/836/2924
f 726/816/2925 899/817/2926 747/838/2927 746/837/2928
f 727/819/2929 728/818/2930 427/483/2931 426/482/2932
f 728/818/2933 729/820/2934 428/486/2935 427/483/2936
f 729/820/2937 730/821/2938 429/488/2939 428/486/2940
f 730/821/2941 731/822/2942 430/490/2943 429/488/2944
f 731/822/2945 732/823/2946 431/492/2947 430/490/2948
f 732/823/2949 733/824/2950 432/494/2951 431/492/2952
f 733/824/2953 734/825/2954 433/496/2955 432/494/2956
f 734/825/2957 735/826/2958 434/498/2959 433/496/2960
f 735/826/2961 736/827/2962 435/500/2963 434/498/2964
f 736/827/2965 737/828/2966 436/502/2967 435/500/2968
f 737/828/2969 738/829/2970 437/504/2971 436/502/2972
f 738/829/2973 739/830/2974 438/506/2975 437/504/2976
f 739/830/2977 740/831/2978 439/508/2979 438/506/2980
f 740/831/2981 741/832/2982 440/510/2983 439/508/2984
f 741/832/2985 742/833/2986 441/512/2987 440/510/2988
f 742/833/2989 743/834/2990 442/514/2991 441/512/2992
f 743/834/2993 744/835/2994 443/516/2995 442/514/2996
f 744/835/2997 745/836/2998 444/518/2999 443/516/3000
f 745/836/3001 746/837/3002 445/520/3003 444/518/3004
f 746/837/3005 747/838/3006 446/522/3007 445/520/3008
f 773/839/3009 764/840/3010 426/482/3011 749/485/3012
f 778/841/3013 773/839/3014 749/485/3015 750/525/3016
f 783/842/3017 778/841/3018 750/525/3019 751/546/3020
f 788/843/3021 783/842/3022 751/546/3023 752/567/3024
f 793/844/3025 788/843/3026 752/567/3027 753/588/3028
f 798/845/3029 793/844/3030 753/588/3031 754/609/3032
f 803/846/3033 798/847/3034 754/629/3035 755/632/3036
f 808/848/3037 803/846/3038 755/632/3039 756/672/3040
f 813/849/3041 808/848/3042 756/672/3043 757/693/3044
f 818/850/3045 813/849/3046 757/693/3047 758/714/3048
f 823/851/3049 818/850/3050 758/714/3051 759/735/3052
f 828/852/3053 823/851/3054 759/735/3055 760/756/3056
f 833/853/3057 828/852/3058 760/756/3059 761/777/3060
f 838/854/3061 833/853/3062 761/777/3063 762/798/3064
f 839/855/3065 838/854/3066 762/798/3067 727/819/3068
f 764/840/3069 839/855/3070 727/819/3071 426/482/3072
f 772/856/3073 765/857/3074 764/840/3075 773/839/3076
f 771/858/3077 766/859/3078 765/857/3079 772/856/3080
f 770/860/3081 767/861/3082 766/862/3083 771/863/3084
f 769/864/3085 768/865/3086 767/861/3087 770/860/3088
f 447/866/3089 748/867/3090 768/865/3091 769/864/3092
f 777/868/3093 772/856/3094 773/839/3095 778/841/3096
f 776/869/3097 771/858/3098 772/856/3099 777/868/3100
f 775/870/3101 770/860/3102 771/863/3103 776/871/3104
f 774/872/3105 769/864/3106 770/860/3107 775/870/3108
f 467/873/3109 447/866/3110 769/864/3111 774/872/3112
f 782/874/3113 777/868/3114 778/841/3115 783/842/3116
f 781/875/3117 776/869/3118 777/868/3119 782/874/3120
f 780/876/3121 775/870/3122 776/871/3123 781/877/3124
f 779/878/3125 774/872/3126 775/870/3127 780/876/3128
f 487/879/3129 467/873/3130 774/872/3131 779/878/3132
f 787/880/3133 782/874/3134 783/842/3135 788/843/3136
f 786/881/3137 781/875/3138 782/874/3139 787/880/3140
f 785/882/3141 780/876/3142 781/877/3143 786/883/3144
f 784/884/3145 779/878/3146 780/876/3147 785/882/3148
f 507/885/3149 487/879/3150 779/878/3151 784/884/3152
f 792/886/3153 787/880/3154 788/843/3155 793/844/3156
f 791/887/3157 786/881/3158 787/880/3159 792/886/3160
f 790/888/3161 785/882/3162 786/883/3163 791/889/3164
f 789/890/3165 784/884/3166 785/882/3167 790/888/3168
f 527/891/3169 507/885/3170 784/884/3171 789/890/3172
f 797/892/3173 792/886/3174 793/844/3175 798/845/3176
f 796/893/3177 791/887/3178 792/886/3179 797/892/3180
f 795/894/3181 790/888/3182 791/889/3183 796/895/3184
f 794/896/3185 789/890/3186 790/888/3187 795/894/3188
f 547/897/3189 527/891/3190 789/890/3191 794/896/3192
f 802/898/3193 797/899/3194 798/847/3195 803/846/3196
f 801/900/3197 796/901/3198 797/899/3199 802/898/3200
f 800/902/3201 795/894/3202 796/895/3203 801/903/3204
f 799/904/3205 794/896/3206 795/894/3207 800/902/3208
f 567/905/3209 547/897/3210 794/896/3211 799/904/3212
f 807/906/3213 802/898/3214 803/846/3215 808/848/3216
f 806/907/3217 801/900/3218 802/898/3219 807/906/3220
f 805/908/3221 800/902/3222 801/903/3223 806/909/3224
f 804/910/3225 799/904/3226 800/902/3227 805/908/3228
f 587/911/3229 567/905/3230 799/904/3231 804/910/3232
f 812/912/3233 807/906/3234 808/848/3235 813/849/3236
f 811/913/3237 806/907/3238 807/906/3239 812/912/3240
f 810/914/3241 805/908/3242 806/909/3243 811/915/3244
f 809/916/3245 804/910/3246 805/908/3247 810/914/3248
f 607/917/3249 587/911/3250 804/910/3251 809/916/3252
f 817/918/3253 812/912/3254 813/849/3255 818/850/3256
f 816/919/3257 811/913/3258 812/912/3259 817/918/3260
f 815/920/3261 810/914/3262 811/915/3263 816/921/3264
f 814/922/3265 809/916/3266 810/914/3267 815/920/3268
f 627/923/3269 607/917/3270 809/916/3271 814/922/3272
f 822/924/3273 817/918/3274 818/850/3275 823/851/3276
f 821/925/3277 816/919/3278 817/918/3279 822/924/3280
f 820/926/3281 815/920/3282 816/921/3283 821/927/3284
f 819/928/3285 814/922/3286 815/920/3287 820/926/3288
f 647/929/3289 627/923/3290 814/922/3291 819/928/3292
f 827/930/3293 822/924/3294 823/851/3295 828/852/3296
f 826/931/3297 821/925/3298 822/924/3299 827/930/3300
f 825/932/3301 820/926/3302 821/927/3303 826/933/3304
f 824/934/3305 819/928/3306 820/926/3307 825/932/3308
f 667/935/3309 647/929/3310 819/928/3311 824/934/3312
f 832/936/3313 827/930/3314 828/852/3315 833/853/3316
f 831/937/3317 826/931/3318 827/930/3319 832/936/3320
f 830/938/3321 825/932/3322 826/933/3323 831/939/3324
f 829/940/3325 824/934/3326 825/932/3327 830/938/3328
f 687/941/3329 667/935/3330 824/934/3331 829/940/3332
f 837/942/3333 832/936/3334 833/853/3335 838/854/3336
f 836/943/3337 831/937/3338 832/936/3339 837/942/3340
f 835/944/3341 830/938/3342 831/939/3343 836/945/3344
f 834/946/3345 829/940/3346 830/938/3347 835/944/3348
f 707/947/3349 687/941/3350 829/940/3351 834/946/3352
f 840/948/3353 837/942/3354 838/854/3355 839/855/3356
f 841/949/3357 836/943/3358 837/942/3359 840/948/3360
f 842/950/3361 835/944/3362 836/945/3363 841/951/3364
f 843/952/3365 834/946/3366 835/944/3367 842/950/3368
f 763/953/3369 707/947/3370 834/946/3371 843/952/3372
f 765/857/3373 840/948/3374 839/855/3375 764/840/3376
f 766/859/3377 841/949/3378 840/948/3379 765/857/3380
f 767/861/3381 842/950/3382 841/951/3383 766/862/3384
f 768/865/3385 843/952/3386 842/950/3387 767/861/3388
f 748/867/3389 763/953/3390 843/952/3391 768/865/3392
f 687/941/3393 707/947/3394 763/953/3395 844/954/3396
f 845/955/3397 844/954/3398 763/953/3399 748/867/3400
f 447/866/3401 467/873/3402 487/879/3403 846/956/3404
f 845/955/3405 748/867/3406 447/866/3407 846/956/3408
f 687/941/3409 844/954/3410 847/957/3411 667/935/3412
f 848/958/3413 847/957/3414 844/954/3415 845/955/3416
f 487/879/3417 507/885/3418 849/959/3419 846/956/3420
f 848/958/3421 845/955/3422 846/956/3423 849/959/3424
f 647/929/3425 667/935/3426 847/957/3427 850/960/3428
f 607/917/3429 627/923/3430 647/929/3431 850/960/3432
f 850/960/3433 847/957/3434 848/958/3435 851/961/3436
f 607/917/3437 850/960/3438 851/961/3439 587/911/3440
f 852/962/3441 851/961/3442 848/958/3443 849/959/3444
f 567/905/3445 587/911/3446 851/961/3447 852/962/3448
f 527/891/3449 852/962/3450 849/959/3451 507/885/3452
f 527/891/3453 547/897/3454 567/905/3455 852/962/3456
f 918/963/3457 885/964/3458 949/965/3459 947/966/3460
f 885/964/3461 900/967/3462 951/968/3463 949/965/3464
f 900/967/3465 944/969/3466 953/970/3467 951/968/3468
f 944/969/3469 942/971/3470 955/972/3471 953/970/3472
f 942/971/3473 940/973/3474 957/974/3475 955/972/3476
f 940/973/3477 938/975/3478 959/976/3479 957/974/3480
f 938/975/3481 936/977/3482 961/978/3483 959/976/3484
f 936/977/3485 934/979/3486 963/980/3487 961/978/3488
f 934/979/3489 932/981/3490 965/982/3491 963/980/3492
f 932/981/3493 930/983/3494 967/984/3495 965/982/3496
f 930/985/3497 928/986/3498 969/987/3499 967/988/3500
f 928/986/3501 926/989/3502 971/990/3503 969/987/3504
f 926/989/3505 924/991/3506 973/992/3507 971/990/3508
f 924/991/3509 922/993/3510 975/994/3511 973/992/3512
f 922/993/3513 920/995/3514 977/996/3515 975/994/3516
f 920/995/3517 918/963/3518 947/966/3519 977/996/3520
f 854/42/3521 853/41/3522 870/997/3523 869/998/3524
f 853/41/3525 855/63/3526 871/999/3527 870/997/3528
f 855/63/3529 856/84/3530 872/1000/3531 871/999/3532
f 856/84/3533 857/105/3534 873/1001/3535 872/1000/3536
f 857/105/3537 858/126/3538 874/1002/3539 873/1001/3540
f 858/126/3541 859/147/3542 875/1003/3543 874/1002/3544
f 859/189/3545 860/188/3546 876/1004/3547 875/1005/3548
f 860/188/3549 861/210/3550 877/1006/3551 876/1004/3552
f 861/210/3553 862/231/3554 878/1007/3555 877/1006/3556
f 862/231/3557 863/252/3558 879/1008/3559 878/1007/3560
f 863/252/3561 864/273/3562 880/1009/3563 879/1008/3564
f 864/273/3565 865/294/3566 881/1010/3567 880/1009/3568
f 865/294/3569 866/315/3570 882/1011/3571 881/1010/3572
f 866/315/3573 867/336/3574 883/1012/3575 882/1011/3576
f 867/336/3577 868/357/3578 884/1013/3579 883/1012/3580
f 868/357/3581 854/42/3582 869/998/3583 884/1013/3584
f 919/1014/3585 886/1015/3586 446/1016/3587 917/1017/3588
f 921/1018/3589 887/1019/3590 886/1015/3591 919/1014/3592
f 923/1020/3593 888/1021/3594 887/1019/3595 921/1018/3596
f 925/1022/3597 889/1023/3598 888/1021/3599 923/1020/3600
f 927/1024/3601 890/1025/3602 889/1023/3603 925/1022/3604
f 929/1026/3605 891/1027/3606 890/1025/3607 927/1024/3608
f 931/1028/3609 892/1029/3610 891/1027/3611 929/1026/3612
f 933/1030/3613 893/1031/3614 892/1032/3615 931/1033/3616
f 935/1034/3617 894/1035/3618 893/1031/3619 933/1030/3620
f 937/1036/3621 895/1037/3622 894/1035/3623 935/1034/3624
f 939/1038/3625 896/1039/3626 895/1037/3627 937/1036/3628
f 941/1040/3629 897/1041/3630 896/1039/3631 939/1038/3632
f 943/1042/3633 898/1043/3634 897/1041/3635 941/1040/3636
f 945/1044/3637 899/1045/3638 898/1043/3639 943/1042/3640
f 946/1046/3641 747/1047/3642 899/1045/3643 945/1044/3644
f 917/1017/3645 446/1016/3646 747/1047/3647 946/1046/3648
f 950/1048/3649 901/1049/3650 902/1050/3651 948/1051/3652
f 952/1052/3653 916/1053/3654 901/1049/3655 950/1048/3656
f 954/1054/3657 915/1055/3658 916/1053/3659 952/1052/3660
f 956/1056/3661 914/1057/3662 915/1055/3663 954/1054/3664
f 958/1058/3665 913/1059/3666 914/1057/3667 956/1056/3668
f 960/1060/3669 912/1061/3670 913/1059/3671 958/1058/3672
f 962/1062/3673 911/1063/3674 912/1061/3675 960/1060/3676
f 964/1064/3677 910/1065/3678 911/1063/3679 962/1062/3680
f 966/1066/3681 909/1067/3682 910/1065/3683 964/1064/3684
f 968/1068/3685 908/1069/3686 909/1067/3687 966/1066/3688
f 970/1070/3689 907/1071/3690 908/1072/3691 968/1073/3692
f 972/1074/3693 906/1075/3694 907/1071/3695 970/1070/3696
f 974/1076/3697 905/1077/3698 906/1075/3699 972/1074/3700
f 976/1078/3701 904/1079/3702 905/1077/3703 974/1076/3704
f 978/1080/3705 903/1081/3706 904/1079/3707 976/1078/3708
f 948/1051/3709 902/1050/3710 903/1081/3711 978/1080/3712
f 918/963/3713 919/1014/3714 917/1017/3715 885/964/3716
f 920/995/3717 921/1018/3718 919/1014/3719 918/963/3720
f 922/993/3721 923/1020/3722 921/1018/3723 920/995/3724
f 924/991/3725 925/1022/3726 923/1020/3727 922/993/3728
f 926/989/3729 927/1024/3730 925/1022/3731 924/991/3732
f 928/986/3733 929/1026/3734 927/1024/3735 926/989/3736
f 930/985/3737 931/1028/3738 929/1026/3739 928/986/3740
f 932/981/3741 933/1030/3742 931/1033/3743 930/983/3744
f 934/979/3745 935/1034/3746 933/1030/3747 932/981/3748
f 936/977/3749 937/1036/3750 935/1034/3751 934/979/3752
f 938/975/3753 939/1038/3754 937/1036/3755 936/977/3756
f 940/973/3757 941/1040/3758 939/1038/3759 938/975/3760
f 942/971/3761 943/1042/3762 941/1040/3763 940/973/3764
f 944/969/3765 945/1044/3766 943/1042/3767 942/971/3768
f 900/967/3769 946/1046/3770 945/1044/3771 944/969/3772
f 885/964/3773 917/1017/3774 946/1046/3775 900/967/3776
f 949/965/3777 950/1048/3778 948/1051/3779 947/966/3780
f 951/968/3781 952/1052/3782 950/1048/3783 949/965/3784
f 953/970/3785 954/1054/3786 952/1052/3787 951/968/3788
f 955/972/3789 956/1056/3790 954/1054/3791 953/970/3792
f 957/974/3793 958/1058/3794 956/1056/3795 955/972/3796
f 959/976/3797 960/1060/3798 958/1058/3799 957/974/3800
f 961/978/3801 962/1062/3802 960/1060/3803 959/976/3804
f 963/980/3805 964/1064/3806 962/1062/3807 961/978/3808
f 965/982/3809 966/1066/3810 964/1064/3811 963/980/3812
f 967/984/3813 968/1068/3814 966/1066/3815 965/982/3816
f 969/987/3817 970/1070/3818 968/1073/3819 967/988/3820
f 971/990/3821 972/1074/3822 970/1070/3823 969/987/3824
f 973/992/3825 974/1076/3826 972/1074/3827 971/990/3828
f 975/994/3829 976/1078/3830 974/1076/3831 973/992/3832
f 977/996/3833 978/1080/3834 976/1078/3835 975/994/3836
f 947/966/3837 948/1051/3838 978/1080/3839 977/996/3840
f 980/1082/3841 902/1050/3842 901/1049/3843 979/1083/3844
f 870/1084/3845 980/1082/3846 979/1083/3847 869/1085/3848
f 981/1086/3849 903/1081/3850 902/1050/3851 980/1082/3852
f 871/1087/3853 981/1086/3854 980/1082/3855 870/1084/3856
f 982/1088/3857 904/1079/3858 903/1081/3859 981/1086/3860
f 872/1089/3861 982/1088/3862 981/1086/3863 871/1087/3864
f 983/1090/3865 905/1077/3866 904/1079/3867 982/1088/3868
f 873/1091/3869 983/1090/3870 982/1088/3871 872/1089/3872
f 984/1092/3873 906/1075/3874 905/1077/3875 983/1090/3876
f 874/1093/3877 984/1092/3878 983/1090/3879 873/1091/3880
f 985/1094/3881 907/1071/3882 906/1075/3883 984/1092/3884
f 875/1095/3885 985/1094/3886 984/1092/3887 874/1093/3888
f 986/1096/3889 908/1072/3890 907/1071/3891 985/1094/3892
f 876/1097/3893 986/1096/3894 985/1094/3895 875/1095/3896
f 987/1098/3897 909/1067/3898 908/1069/3899 986/1099/3900
f 877/1100/3901 987/1098/3902 986/1099/3903 876/1101/3904
f 988/1102/3905 910/1065/3906 909/1067/3907 987/1098/3908
f 878/1103/3909 988/1102/3910 987/1098/3911 877/1100/3912
f 989/1104/3913 911/1063/3914 910/1065/3915 988/1102/3916
f 879/1105/3917 989/1104/3918 988/1102/3919 878/1103/3920
f 990/1106/3921 912/1061/3922 911/1063/3923 989/1104/3924
f 880/1107/3925 990/1106/3926 989/1104/3927 879/1105/3928
f 991/1108/3929 913/1059/3930 912/1061/3931 990/1106/3932
f 881/1109/3933 991/1108/3934 990/1106/3935 880/1107/3936
f 992/1110/3937 914/1057/3938 913/1059/3939 991/1108/3940
f 882/1111/3941 992/1110/3942 991/1108/3943 881/1109/3944
f 993/1112/3945 915/1055/3946 914/1057/3947 992/1110/3948
f 883/1113/3949 993/1112/3950 992/1110/3951 882/1111/3952
f 994/1114/3953 916/1053/3954 915/1055/3955 993/1112/3956
f 884/1115/3957 994/1114/3958 993/1112/3959 883/1113/3960
f 979/1083/3961 901/1049/3962 916/1053/3963 994/1114/3964
f 869/1085/3965 979/1083/3966 994/1114/3967 884/1115/3968
